type,name,notice,furigana
不燃ごみ・有害ごみ(危険物),IHクッキングヒーター・IH調理器,不燃ごみの指定袋に入る大きさでなければ「粗大ごみ」,あ
不燃ごみ・有害ごみ(危険物),ICレコーダー,各区役所等での使用済み小型家電の拠点回収にご協力ください。,あ
可燃ごみ,アイスノン（保冷剤）,,あ
不燃ごみ・有害ごみ(危険物),アイスピック,紙で包み｢危険｣と書いて不燃ごみ指定袋へ,あ
可燃ごみ,アイス枕,,あ
不燃ごみ・有害ごみ(危険物),アイロン,,あ
可燃ごみ,アイロンプリントの紙,,あ
びん・缶・ペットボトル,空き缶（飲食用）,水ですすぐ,あ
不燃ごみ・有害ごみ(危険物),空き缶（飲食用以外のもの）,,あ
不燃ごみ・有害ごみ(危険物),空き缶のフタ（金属製）（飲食用以外）,,あ
可燃ごみ,空き缶のフタ（プラスチック製）,,あ
びん・缶・ペットボトル,空き缶のフタ（金属製）（飲食用）,,あ
不燃ごみ・有害ごみ(危険物),空きびん（飲食用以外）,,あ
びん・缶・ペットボトル,空きびん（飲食用）,水ですすぐ,あ
可燃ごみ,空きびんのフタ（プラスチック製）,,あ
びん・缶・ペットボトル,空きびんのフタ（金属製）（飲食用）,,あ
不燃ごみ・有害ごみ(危険物),空きびんのフタ（金属製）（飲食用以外）,,あ
不燃ごみ・有害ごみ(危険物),アクセサリー（指輪、ネックレスなど）（金属製）,,あ
不燃ごみ・有害ごみ(危険物),アクセサリー（指輪、ネックレスなど）のケース・容器（プラスチック製）,,あ
可燃ごみ,アクセサリー（指輪、ネックレスなど）のケース・容器（紙製・木製）,,あ
可燃ごみ,アクリルタワシ,,あ
可燃ごみ,足ふきマット,,あ
不燃ごみ・有害ごみ(危険物),アタッシュケース(硬いプラスチック製、金属製）,不燃ごみの指定袋に入る大きさでなければ「粗大ごみ」,あ
可燃ごみ,アタッシュケース（柔らかいプラスチック製）,,あ
古紙・布類,厚紙,,あ
可燃ごみ,圧着はがき（はがして読むもの。親展はがきなど）,,あ
不燃ごみ・有害ごみ(危険物),圧力鍋,,あ
可燃ごみ,アノラック（ウインドブレーカー）,,あ
可燃ごみ,油かす,,あ
可燃ごみ,油紙・油とり紙,,あ
不燃ごみ・有害ごみ(危険物),油缶,,あ
可燃ごみ,油こし紙,,あ
不燃ごみ・有害ごみ(危険物),油こし器（金属製）,,あ
不燃ごみ・有害ごみ(危険物),油刺し,,あ
不燃ごみ・有害ごみ(危険物),油びん,,あ
不燃ごみ・有害ごみ(危険物),油よけ（コンロの周りに使用する、金属製のもので硬いもの）,不燃ごみの指定袋に入る大きさでなければ「粗大ごみ」,あ
可燃ごみ,雨ガッパ,,あ
不燃ごみ・有害ごみ(危険物),網（金属製）,不燃ごみの指定袋に入る大きさでなければ「粗大ごみ」,あ
可燃ごみ,網（昆虫採集用などで長い柄（木製）のついたもの）,可燃ごみの指定袋に入る大きさでなければ「粗大ごみ」,あ
不燃ごみ・有害ごみ(危険物),網（昆虫採集用などで長い柄（木製以外）のついたもの）,不燃ごみの指定袋に入る大きさでなければ「粗大ごみ」,あ
可燃ごみ,網（昆虫採集用などの網の部分）,,あ
可燃ごみ,網戸の網部分,,あ
可燃ごみ,編み針（木製）,,あ
不燃ごみ・有害ごみ(危険物),編み針（木製以外）,,あ
不燃ごみ・有害ごみ(危険物),アルカリ電池,,あ
可燃ごみ,アルバム,,あ
可燃ごみ,アルミガード（天ぷらガード）,,あ
可燃ごみ,アルミ加工紙,,あ
びん・缶・ペットボトル,アルミ缶（飲食用）,水ですすぐ,あ
不燃ごみ・有害ごみ(危険物),アルミ缶（飲食用以外）,,あ
可燃ごみ,アルミコーディングのプラ袋,,あ
不燃ごみ・有害ごみ(危険物),アルミ製のコップ・皿,,あ
不燃ごみ・有害ごみ(危険物),アルミトレイ,,あ
可燃ごみ,アルミ箔（アルミホイル）の芯,,あ
可燃ごみ,アルミ箔（台所用）,,あ
可燃ごみ,アルミ箔の皿・器など（手で曲げられるもの）,,あ
可燃ごみ,アルミホイル（台所用）,,あ
不燃ごみ・有害ごみ(危険物),泡だて器,,あ
不燃ごみ・有害ごみ(危険物),あんか,,あ
不燃ごみ・有害ごみ(危険物),安全ピン,,あ
可燃ごみ,安全靴,,あ
不燃ごみ・有害ごみ(危険物),イコライザー,不燃ごみの指定袋に入る大きさでなければ「粗大ごみ」,い
不燃ごみ・有害ごみ(危険物),移植ゴテ,,い
不燃ごみ・有害ごみ(危険物),移植ベラ（プラスチック製・金属製）,,い
可燃ごみ,板（木製）（厚さ１０ｃｍ、長さは指定袋に入る大きさまで）,,い
不燃ごみ・有害ごみ(危険物),板ガラス,紙で包み｢危険｣と書いて不燃ごみ指定袋へ(指定袋に入る場合),い
びん・缶・ペットボトル,一升びん,水ですすぐ,い
可燃ごみ,一升びんのフタ（プラ製）,,い
びん・缶・ペットボトル,一升びんのフタ（金属製）,,い
びん・缶・ペットボトル,一升びんのフタ（上が金属、下がプラスチック製）,,い
不燃ごみ・有害ごみ(危険物),一斗缶,不燃ごみ指定袋（２０?）をそれぞれひとつの品目に対して１枚ずつ縛りつけるか、テープなどで貼りつけて排出してください。,い
びん・缶・ペットボトル,一斗缶（食用）,,い
可燃ごみ,一斗樽（木製）,,い
不燃ごみ・有害ごみ(危険物),一斗樽（木製以外）,不燃ごみの指定袋に入る大きさでなければ「粗大ごみ」,い
可燃ごみ,糸・毛糸,,い
可燃ごみ,イヌ・ネコのふん,,い
不燃ごみ・有害ごみ(危険物),犬のトイレ,不燃ごみの指定袋に入る大きさでなければ「粗大ごみ」,い
可燃ごみ,犬のトイレシート・砂,,い
可燃ごみ,医薬品（液体のもの）,少量ずつボロ布などに含ませれば「可燃ごみ」で可,い
可燃ごみ,医薬品（固形のもの）,,い
不燃ごみ・有害ごみ(危険物),イヤホン・ヘッドホン,各区役所等での使用済み小型家電の拠点回収にご協力ください。,い
可燃ごみ,衣料品の外袋（プラスチック製）,,い
不燃ごみ・有害ごみ(危険物),衣料品の留め具（購入した際の型崩れ防止用の留め具）（金属製・プラスチック製）,,い
不燃ごみ・有害ごみ(危険物),入れ歯,（市役所本庁舎に回収BOXを設置しています）,い
可燃ごみ,色鉛筆,,い
古紙・布類,色紙（いろがみ）,金紙、銀紙は「可燃ごみ」へ,い
可燃ごみ,印鑑（木製）,,い
不燃ごみ・有害ごみ(危険物),印鑑(木製以外),,い
可燃ごみ,インクジェット写真プリント用紙,,い
可燃ごみ,インクリボン,,い
不燃ごみ・有害ごみ(危険物),インスタントカメラ,,い
可燃ごみ,インスタントコーヒーびんの内蓋,,い
可燃ごみ,インスタントコーヒー詰め替え用の袋,,い
可燃ごみ,インスタント食品のタレ・具の袋,,い
可燃ごみ,インスタント食品の容器・袋,,い
不燃ごみ・有害ごみ(危険物),インターホン,,い
不燃ごみ・有害ごみ(危険物),インラインスケート,,い
可燃ごみ,飲料パック（紙製）（内側にコーティングのあるもの）,,い
古紙・布類,飲料パック（紙製）（内側にコーティングのないもの）,水ですすいで乾かしてからひもで十文字に束ねる,い
可燃ごみ,ウィッグ（付け毛）,,う
不燃ごみ・有害ごみ(危険物),ウインドウファン（送風機、換気扇）,不燃ごみの指定袋に入る大きさでなければ「粗大ごみ」,う
可燃ごみ,ウィンドブレーカー,,う
可燃ごみ,ウィンナーの包装袋（プラスチック製）,,う
不燃ごみ・有害ごみ(危険物),植木ばさみ,,う
不燃ごみ・有害ごみ(危険物),植木鉢,,う
可燃ごみ,植木ポット（柔らかいプラスチック製）,,う
可燃ごみ,ウエストポーチ,,う
可燃ごみ,ウエットティッシュ,,う
可燃ごみ,ウォッシャー液容器（プラスチック製）,,う
不燃ごみ・有害ごみ(危険物),うがい薬の容器（びん・プラスチック製）,,う
可燃ごみ,浮き袋（ビニール製）,,う
可燃ごみ,浮き輪,,う
可燃ごみ,うちわ,,う
可燃ごみ,ウッドカーペット,可燃ごみの指定袋に入る大きさでなければ「粗大ごみ」,う
可燃ごみ,ウッドクラフト,可燃ごみの指定袋に入る大きさでなければ「粗大ごみ」,う
可燃ごみ,ウッドパネル,可燃ごみの指定袋に入る大きさでなければ「粗大ごみ」,う
不燃ごみ・有害ごみ(危険物),腕時計(ベルトが金属製）,,う
不燃ごみ・有害ごみ(危険物),腕時計(ベルトが金属製以外）,ベルト部分はなるべく切り離して可燃ごみ,う
可燃ごみ,ウレタン製品,,う
可燃ごみ,運動靴,,う
不燃ごみ・有害ごみ(危険物),ＡＣアダプタ,,え
可燃ごみ,エアークッション、エアーパッキン（緩衝材）（プラスチック製）,,え
可燃ごみ,エアーマット,可燃ごみの指定袋に入る大きさでなければ「粗大ごみ」,え
不燃ごみ・有害ごみ(危険物),エアゾール缶,,え
可燃ごみ,エアゾール缶のフタ（プラ製）,,え
不燃ごみ・有害ごみ(危険物),映像・音響機器,不燃ごみの指定袋に入る大きさでなければ「粗大ごみ」,え
不燃ごみ・有害ごみ(危険物),HDDレコーダー,各区役所等での使用済み小型家電の拠点回収にご協力ください。　（投入口に入る大きさの物）,え
びん・缶・ペットボトル,栄養ドリンクのびん,水ですすぐ,え
可燃ごみ,枝（太さ１０ｃｍ、長さ５０ｃｍ以内）,ひもで束ねて、１回に出す量は片手で持てる大きさで3束程度。指定袋に入れなくて可。,え
不燃ごみ・有害ごみ(危険物),枝切りバサミ,不燃ごみの指定袋に入る大きさでなければ「粗大ごみ」,え
可燃ごみ,絵の具,,え
可燃ごみ,絵の具チューブ,,え
可燃ごみ,絵筆,,え
不燃ごみ・有害ごみ(危険物),ＭＤ（ケースを含む）,,え
不燃ごみ・有害ごみ(危険物),ＭＤプレーヤー（ポータブルタイプ）,,え
不燃ごみ・有害ごみ(危険物),ＭＤレコーダー,不燃ごみの指定袋に入る大きさでなければ「粗大ごみ」,え
不燃ごみ・有害ごみ(危険物),ＭＯディスク・ケース,,え
不燃ごみ・有害ごみ(危険物),LD・LDのケース,,え
可燃ごみ,絵を描いた画用紙,,え
不燃ごみ・有害ごみ(危険物),園芸用の支柱,不燃ごみの指定袋に入る大きさに切断すれば「不燃ごみ」,え
不燃ごみ・有害ごみ(危険物),エンジンオイルの缶,,え
不燃ごみ・有害ごみ(危険物),延長コード・テーブルタップ,,え
不燃ごみ・有害ごみ(危険物),塩ビ管,不燃ごみの指定袋に入る大きさでなければ「粗大ごみ」,え
可燃ごみ,鉛筆・鉛筆の芯,,え
不燃ごみ・有害ごみ(危険物),鉛筆削り（手動・電動）,,え
びん・缶・ペットボトル,オイル缶（食用）,水ですすぐ,お
不燃ごみ・有害ごみ(危険物),オイル缶（食用以外）,,お
可燃ごみ,オイル容器（プラスチック製）,,お
びん・缶・ペットボトル,王冠（金属製フタ）,,お
古紙・布類,オーバーコート,毛皮や綿の入ったものは可燃ごみまたは粗大ごみ,お
不燃ごみ・有害ごみ(危険物),オーブントースター,不燃ごみの指定袋に入る大きさでなければ「粗大ごみ」,お
不燃ごみ・有害ごみ(危険物),オーブンレンジ,不燃ごみの指定袋に入る大きさでなければ「粗大ごみ」,お
可燃ごみ,桶・たらい（木製）,可燃ごみの指定袋に入る大きさでなければ「粗大ごみ」,お
不燃ごみ・有害ごみ(危険物),桶・たらい（木製以外）,不燃ごみの指定袋に入る大きさでなければ「粗大ごみ」,お
不燃ごみ・有害ごみ(危険物),押し入れ収納ラック,不燃ごみの指定袋に入る大きさでなければ「粗大ごみ」,お
不燃ごみ・有害ごみ(危険物),押しピン　,,お
不燃ごみ・有害ごみ(危険物),押しピンケース,,お
可燃ごみ,おしゃぶり,,お
可燃ごみ,落ち葉・枯葉,,お
不燃ごみ・有害ごみ(危険物),斧,紙で包み｢危険｣と書いて不燃ごみ指定袋へ(指定袋に入る場合),お
不燃ごみ・有害ごみ(危険物),おはじき,,お
可燃ごみ,おひつ（御櫃）（木製）,,お
不燃ごみ・有害ごみ(危険物),おひつ（木製以外）,,お
不燃ごみ・有害ごみ(危険物),汚物入れ,,お
可燃ごみ,お盆・トレー（木製）,,お
不燃ごみ・有害ごみ(危険物),お盆・トレー（木製以外）,,お
可燃ごみ,おむつ（紙・布）,汚物はトイレに流してから。小袋に入れてから指定袋に入れられます。,お
可燃ごみ,おもちゃ（木製・布製など）,,お
不燃ごみ・有害ごみ(危険物),おもちゃ（その他）,,お
古紙・布類,おもちゃの空き箱（紙製）,,お
不燃ごみ・有害ごみ(危険物),錘（おもり）,,お
古紙・布類,折り紙（金紙・銀紙を除く）,,お
可燃ごみ,折り紙（金紙・銀紙）,,お
古紙・布類,折り込みチラシ（新聞）,,お
不燃ごみ・有害ごみ(危険物),折りたたみ傘,,お
不燃ごみ・有害ごみ(危険物),オルゴール,,お
不燃ごみ・有害ごみ(危険物),おろしがね（おろし器）,,お
可燃ごみ,おわん(木製),,お
不燃ごみ・有害ごみ(危険物),おわん(木製以外),,お
不燃ごみ・有害ごみ(危険物),温度計（水銀入り）,,お
不燃ごみ・有害ごみ(危険物),温度計（水銀入り以外のもの）,,お
びん・缶・ペットボトル,お菓子の缶,,お
可燃ごみ,お菓子の個包装・袋（プラスチック製）,,お
古紙・布類,お菓子の箱（紙製）,,お
不燃ごみ・有害ごみ(危険物),お玉（調理用具）,,お
びん・缶・ペットボトル,お茶の缶,,お
可燃ごみ,お茶の袋（ティーパック）,,お
可燃ごみ,お茶の袋（外袋）,,お
可燃ごみ,お茶の入っていた袋（プラスチック製）,,お
可燃ごみ,お茶の入っていた袋（紙製）,,お
不燃ごみ・有害ごみ(危険物),カーコンポ,,か
可燃ごみ,カーテン,,か
可燃ごみ,カートカン（間伐材を使った飲料容器）,,か
可燃ごみ,カード類,,か
不燃ごみ・有害ごみ(危険物),カーナビ,各区役所等での使用済み小型家電の拠点回収にご協力ください。,か
可燃ごみ,カーペット・じゅうたん（織物製）・ラグマット,可燃ごみの指定袋に入る大きさでなければ「粗大ごみ」,か
不燃ごみ・有害ごみ(危険物),カーペットローラー,,か
可燃ごみ,カーボン紙,,か
不燃ごみ・有害ごみ(危険物),懐中電灯,,か
可燃ごみ,貝の殻（牡蠣・あさりなど）,,か
不燃ごみ・有害ごみ(危険物),買い物かご（プラスチック製・金属製）,不燃ごみの指定袋に入る大きさでなければ「粗大ごみ」,か
可燃ごみ,買い物かご（木製・布製）,,か
可燃ごみ,買い物袋（スーパーなどのレジ袋）,,か
不燃ごみ・有害ごみ(危険物),カイロ（金属製）,,か
可燃ごみ,カイロ（使い捨て）,,か
可燃ごみ,香りのついた紙,,か
不燃ごみ・有害ごみ(危険物),鏡,,か
不燃ごみ・有害ごみ(危険物),鍵,,か
不燃ごみ・有害ごみ(危険物),かき氷機,不燃ごみの指定袋に入る大きさでなければ「粗大ごみ」,か
可燃ごみ,角材,太さ１５ｃｍ・長さ１５０ｃｍ超の場合は、千葉市廃棄物リサイクル事業協同組合（電話043-204-5805）へご相談ください。,か
可燃ごみ,学生服,,か
可燃ごみ,額縁（木製）,,か
不燃ごみ・有害ごみ(危険物),額縁（木製以外）,不燃ごみの指定袋に入る大きさでなければ「粗大ごみ」,か
不燃ごみ・有害ごみ(危険物),かご（硬いプラスチック製・金属製）,不燃ごみの指定袋に入る大きさでなければ「粗大ごみ」,か
可燃ごみ,かご（その他）,,か
不燃ごみ・有害ごみ(危険物),傘,不燃ごみ指定袋（２０?）をそれぞれひとつの品目に対して１枚ずつ縛りつけるか、テープなどで貼りつけて排出してください。,か
可燃ごみ,傘立て（木製・ゴム製）,可燃ごみの指定袋に入る大きさでなければ「粗大ごみ」,か
不燃ごみ・有害ごみ(危険物),傘立て（その他）,不燃ごみの指定袋に入る大きさでなければ「粗大ごみ」,か
不燃ごみ・有害ごみ(危険物),加湿器,不燃ごみの指定袋に入る大きさでなければ「粗大ごみ」,か
古紙・布類,菓子等の空き箱（紙製）,,か
可燃ごみ,菓子等の空き箱(木製),,か
びん・缶・ペットボトル,菓子の缶(金属製),,か
古紙・布類,菓子箱（紙製）,,か
可燃ごみ,菓子箱・缶の中仕切り(プラスチック製),,か
可燃ごみ,菓子袋（紙製）,,か
可燃ごみ,菓子袋（プラ製）,,か
不燃ごみ・有害ごみ(危険物),ガスボンベ（卓上カートリッジ式）,,か
可燃ごみ,ガスボンベのフタ,,か
不燃ごみ・有害ごみ(危険物),ガスライター（使い捨てガスライター）,,か
不燃ごみ・有害ごみ(危険物),ガスレンジマット（アルミはく製）,不燃ごみの指定袋に入る大きさでなければ「粗大ごみ」,か
不燃ごみ・有害ごみ(危険物),カセット(卓上)コンロ（本体）,不燃ごみの指定袋に入る大きさでなければ「粗大ごみ」,か
不燃ごみ・有害ごみ(危険物),カセットコンロ用ボンベ,,か
可燃ごみ,カセットテープ,,か
不燃ごみ・有害ごみ(危険物),カセットテープのケース（プラスチック製）,,か
不燃ごみ・有害ごみ(危険物),カセットデッキ,不燃ごみの指定袋に入る大きさでなければ「粗大ごみ」,か
不燃ごみ・有害ごみ(危険物),カセット式ガスコンロ,,か
不燃ごみ・有害ごみ(危険物),カセット式ガスボンベ,,か
可燃ごみ,カセット式ガスボンベのフタ,,か
不燃ごみ・有害ごみ(危険物),カセット式テープレコーダー,不燃ごみの指定袋に入る大きさでなければ「粗大ごみ」,か
不燃ごみ・有害ごみ(危険物),ガソリン携行缶,不燃ごみの指定袋に入る大きさでなければ「粗大ごみ」,か
不燃ごみ・有害ごみ(危険物),型抜き（プラスチック製・金属製）,,か
古紙・布類,カタログ,表紙部分が紙以外の素材は取り除く。端をちぎった時にフィルム状のものが見えたら、コーティングがあるものです。コーティングのあるものは「可燃ごみ」へ。,か
可燃ごみ,楽器類（木製）,可燃ごみの指定袋に入る大きさでなければ「粗大ごみ」,か
不燃ごみ・有害ごみ(危険物),楽器類（木製以外）,不燃ごみの指定袋に入る大きさでなければ「粗大ごみ」,か
不燃ごみ・有害ごみ(危険物),カッター（刃を含む）,,か
不燃ごみ・有害ごみ(危険物),カッターナイフ,,か
可燃ごみ,カット綿,,か
可燃ごみ,カット綿の包装袋（プラスチック製）,,か
可燃ごみ,かっぱ・合羽(雨具),,か
不燃ごみ・有害ごみ(危険物),カップ（陶器製）,,か
可燃ごみ,カップ麺・カップスープ・カップ味噌汁などの容器、具・スープの袋（紙製・プラスチック製）,,か
可燃ごみ,カップ麺のフタ,,か
可燃ごみ,カップ麺の外包装フィルム,,か
可燃ごみ,かつら（つけ毛）,,か
不燃ごみ・有害ごみ(危険物),家庭用ゲームソフト,,か
不燃ごみ・有害ごみ(危険物),家庭用ゲーム機,,か
不燃ごみ・有害ごみ(危険物),蚊取り線香入れ・蚊とり器・蚊やり?,,か
可燃ごみ,蚊取りマット,,か
不燃ごみ・有害ごみ(危険物),金槌（かなづち）（日曜大工道具）,,か
可燃ごみ,画板（木製）,,か
不燃ごみ・有害ごみ(危険物),画板（木製以外）,不燃ごみの指定袋に入る大きさでなければ「粗大ごみ」,か
可燃ごみ,かばん（布製・革製・合皮製・ビニール製・プラ製）,,か
不燃ごみ・有害ごみ(危険物),かばん（アルミ製等の本体が金属でできたもの）,,か
不燃ごみ・有害ごみ(危険物),画びょう,,か
不燃ごみ・有害ごみ(危険物),花瓶,不燃ごみの指定袋に入る大きさでなければ「粗大ごみ」,か
可燃ごみ,壁紙,可燃ごみの指定袋に入る大きさでなければ「粗大ごみ」,か
不燃ごみ・有害ごみ(危険物),釜,不燃ごみの指定袋に入る大きさでなければ「粗大ごみ」,か
不燃ごみ・有害ごみ(危険物),鎌,不燃ごみの指定袋に入る大きさでなければ「粗大ごみ」,か
可燃ごみ,かまぼこの板,,か
可燃ごみ,紙おしぼり,,か
可燃ごみ,紙おむつ,,か
可燃ごみ,紙缶・紙皿（飲料用・菓子用など）,,か
古紙・布類,紙きれ（メモ用紙など）,,か
可燃ごみ,紙コップ,,か
不燃ごみ・有害ごみ(危険物),かみそり・シェーバー,,か
不燃ごみ・有害ごみ(危険物),かみそりの刃,,か
不燃ごみ・有害ごみ(危険物),かみそり機,,か
可燃ごみ,紙ナプキン,,か
可燃ごみ,紙粘土,,か
可燃ごみ,紙パック,,か
古紙・布類,紙パック（500ミリリットル以上のもので内側が白色のもの）,水ですすいで乾かしてからひもで十文字に束ねる,か
可燃ごみ,紙パック（500ミリリットル未満のもの）,,か
可燃ごみ,紙パック（内側にアルミコーティングのあるもの）,,か
古紙・布類,紙袋,持ち手部分が紙以外の素材は取り除く。端をちぎった時にフィルム状のものが見えたら、コーティングがあるものです。コーティングのあるものは「可燃ごみ」へ。,か
可燃ごみ,紙やすり,,か
可燃ごみ,ガム,,か
可燃ごみ,ガム・キャラメルなどの個別の包装紙,,か
可燃ごみ,ガムテープ,,か
可燃ごみ,ガムの包装(銀紙の個包装),,か
古紙・布類,ガムの包装(紙製の外包),,か
不燃ごみ・有害ごみ(危険物),カメラ,各区役所等での使用済み小型家電の拠点回収にご協力ください。,か
可燃ごみ,カメラのケース(皮革・布製),,か
可燃ごみ,蚊帳（かや）,,か
可燃ごみ,画用紙（クレヨン等油性のもので描いたもの）,,か
古紙・布類,画用紙（その他）,,か
不燃ごみ・有害ごみ(危険物),カラオケ（ハンディタイプ）,不燃ごみの指定袋に入る大きさでなければ「粗大ごみ」,か
可燃ごみ,からしのチューブ（フタを含む）,,か
不燃ごみ・有害ごみ(危険物),ガラスくず（破片）,割れた物は、紙で包み｢危険｣と書いて不燃ごみ指定袋へ(指定袋に入る場合),か
可燃ごみ,ガラスクリーナー容器（プラスチック製）,,か
不燃ごみ・有害ごみ(危険物),ガラス食器類,,か
不燃ごみ・有害ごみ(危険物),ガラス製品,,か
不燃ごみ・有害ごみ(危険物),ガラス板,割れた物は、紙で包み｢危険｣と書いて不燃ごみ指定袋へ(指定袋に入る場合),か
可燃ごみ,カレー（ルゥ）の容器（仕切りトレイ）・フィルム（プラスチック製）,,か
可燃ごみ,カレー（レトルト）の袋（プラスチック製）,,か
可燃ごみ,枯葉（木の葉）,,か
古紙・布類,カレンダー,金属部分は取り外して不燃ごみへ,か
可燃ごみ,革製品（衣類）,,か
可燃ごみ,革製品（衣類以外の物）,,か
不燃ごみ・有害ごみ(危険物),皮むき器（ピーラー）,,か
不燃ごみ・有害ごみ(危険物),瓦（３枚程度まで）,量が多い場合は、購入店や施工業者等へ相談,か
びん・缶・ペットボトル,缶（飲食用）,水ですすぐ,か
不燃ごみ・有害ごみ(危険物),缶（飲食用以外）,,か
不燃ごみ・有害ごみ(危険物),缶（飲食用以外）のフタ（金属製）,,か
びん・缶・ペットボトル,缶（飲食用）のフタ（金属製）,,か
可燃ごみ,缶のフタ（柔らかいプラスチック製）,,か
不燃ごみ・有害ごみ(危険物),缶切り,,か
可燃ごみ,管楽器・弦楽器（木製）,可燃ごみの指定袋に入る大きさでなければ「粗大ごみ」,か
不燃ごみ・有害ごみ(危険物),管楽器・弦楽器（木製以外）,不燃ごみの指定袋に入る大きさでなければ「粗大ごみ」,か
不燃ごみ・有害ごみ(危険物),換気扇,不燃ごみの指定袋に入る大きさでなければ「粗大ごみ」,か
可燃ごみ,換気扇のフィルター,,か
可燃ごみ,感光紙・感熱紙,,か
可燃ごみ,緩衝材（プラスチック製・紙製）,,か
不燃ごみ・有害ごみ(危険物),乾燥機（食器用、布団用）,不燃ごみの指定袋に入る大きさでなければ「粗大ごみ」,か
可燃ごみ,乾燥剤（シリカゲル）,,か
不燃ごみ・有害ごみ(危険物),乾電池,,か
不燃ごみ・有害ごみ(危険物),かんな,,か
可燃ごみ,感熱紙（レシートなど熱により発色する紙）,コインや爪などで強くこすると色が浮き出るものは感熱紙です。,か
可燃ごみ,感熱発泡紙（点字本等）,,か
びん・缶・ペットボトル,乾物の缶,,か
可燃ごみ,"木（庭木）の枝・幹・根
（太さ１０ｃｍ、長さ５０ｃｍ以内）",ひもで束ねて、１回に出す量は片手で持てる大きさで3束程度。指定袋に入れなくて可。,き
不燃ごみ・有害ごみ(危険物),キーボード（パソコン用）,本体等をメーカーへリサイクルに出す場合は購入時の標準添付品(マウス、キーボード、スピーカー、ケーブルなど)も一緒に出せます。,き
不燃ごみ・有害ごみ(危険物),キーホルダー（金属製・プラスチック製などの燃えないもの）,,き
可燃ごみ,キーホルダー（木製・布製などの燃えるもの）,金属部分は取り外す,き
可燃ごみ,ギターケース（ナイロン製など柔らかいもの）,,き
不燃ごみ・有害ごみ(危険物),キックボード,,き
可燃ごみ,木槌(さい槌),,き
不燃ごみ・有害ごみ(危険物),キッチンガード（アルミ製）,不燃ごみの指定袋に入る大きさでなければ「粗大ごみ」,き
不燃ごみ・有害ごみ(危険物),キッチンスケール(はかり),,き
可燃ごみ,キッチンタオル・ペーパー,,き
不燃ごみ・有害ごみ(危険物),キッチンバサミ,,き
可燃ごみ,キッチンマット,,き
不燃ごみ・有害ごみ(危険物),キッチンラック,不燃ごみの指定袋に入る大きさでなければ「粗大ごみ」,き
可燃ごみ,木の板（厚さ１０ｃｍ、長さは指定袋に入る大きさまで）,,き
古紙・布類,着物（どてら・丹前等わた入りのものを除く）,どてら・丹前等わた入りのものは「可燃ごみ」へ,き
可燃ごみ,キャラメルの外包装フィルム,,き
古紙・布類,キャラメルの空き箱,,き
可燃ごみ,キャラメルの包み紙(個包装),,き
可燃ごみ,救急箱（薬箱）（木製）,,き
不燃ごみ・有害ごみ(危険物),救急箱（薬箱）（木製以外）,,き
不燃ごみ・有害ごみ(危険物),急須,,き
古紙・布類,牛乳パック（500ミリリットル以上のもので内側が白色のもの）,水ですすいで乾かしてからひもで十文字に束ねる,き
びん・缶・ペットボトル,牛乳びん,水ですすぐ,き
可燃ごみ,牛乳びんのフタ(プラスチック製),,き
可燃ごみ,牛乳びんのフタ（紙製）,,き
可燃ごみ,牛乳びんのフタのビニール,,き
可燃ごみ,給油ポンプ（手動式）,,き
不燃ごみ・有害ごみ(危険物),給油ポンプ（電動式）,不燃ごみの指定袋に入る大きさでなければ「粗大ごみ」,き
古紙・布類,教科書,,き
可燃ごみ,経机,可燃ごみの指定袋に入る大きさでなければ「粗大ごみ」,き
不燃ごみ・有害ごみ(危険物),きり（日曜大工道具）,紙で包み｢危険｣と書いて不燃ごみ指定袋へ(指定袋に入る場合),き
不燃ごみ・有害ごみ(危険物),霧吹きの容器（金属製）,,き
可燃ごみ,霧吹きの容器（金属製以外）,,き
可燃ごみ,禁煙パイプ,,き
可燃ごみ,金紙、銀紙,,き
不燃ごみ・有害ごみ(危険物),金魚鉢,不燃ごみの指定袋に入る大きさでなければ「粗大ごみ」,き
不燃ごみ・有害ごみ(危険物),金庫（手提げ金庫）,,き
不燃ごみ・有害ごみ(危険物),金属くず,,き
不燃ごみ・有害ごみ(危険物),金属製ライター（ジッポ）,,き
不燃ごみ・有害ごみ(危険物),空気入れ（自転車用、浮き輪用など）,不燃ごみの指定袋に入る大きさでなければ「粗大ごみ」,く
可燃ごみ,空気清浄機のフィルター,,く
不燃ごみ・有害ごみ(危険物),クーラーボックス,不燃ごみの指定袋に入る大きさでなければ「粗大ごみ」,く
不燃ごみ・有害ごみ(危険物),釘,,く
不燃ごみ・有害ごみ(危険物),草刈り鎌,紙で包み｢危険｣と書いて不燃ごみ指定袋へ(指定袋に入る場合),く
可燃ごみ,草花,,く
可燃ごみ,鎖（ゴム製・ウレタン製）（車用など）,,く
不燃ごみ・有害ごみ(危険物),鎖（プラスチック製）,,く
可燃ごみ,櫛（くし）・ブラシ（木製）,,く
不燃ごみ・有害ごみ(危険物),櫛（くし）・ブラシ（木製以外）,,く
可燃ごみ,串（木製）,,く
不燃ごみ・有害ごみ(危険物),串（木製以外）,,く
可燃ごみ,薬（錠剤、カプセル等),,く
不燃ごみ・有害ごみ(危険物),薬（飲み薬）の容器（びん・プラスチック製）,,く
不燃ごみ・有害ごみ(危険物),薬（飲み薬）の容器のフタ（プラスチック製）,,く
可燃ごみ,薬（飲み薬錠剤）の個別包装ケース,,く
古紙・布類,薬の外箱（紙製）,,く
可燃ごみ,薬の外箱（プラスチック製）,,く
可燃ごみ,薬の外箱包装フィルム,,く
古紙・布類,薬の袋（紙製）,,く
可燃ごみ,果物,,く
可燃ごみ,果物・野菜の網・ネット,,く
可燃ごみ,果物くず,,く
可燃ごみ,果物の薄い包み紙,,く
可燃ごみ,果物の箱の中の詰め物（プラスチック製・紙製）,,く
古紙・布類,果物の箱（厚紙製）,,く
古紙・布類,果物の箱（段ボール製）,,く
可燃ごみ,口紅,,く
不燃ごみ・有害ごみ(危険物),口紅の容器(プラスチック製・金属),,く
可燃ごみ,靴・長靴・サンダル・スリッパ,,く
不燃ごみ・有害ごみ(危険物),クッキングヒーター,不燃ごみの指定袋に入る大きさでなければ「粗大ごみ」,く
可燃ごみ,靴下,,く
古紙・布類,靴下の帯巻き（紙製）（コーティングのないもの）,端をちぎった時にフィルム状のものが見えたら、コーティングがあるものです。コーティングのあるものは「可燃ごみ」へ。,く
可燃ごみ,靴下の外包装,,く
可燃ごみ,クッション,,く
可燃ごみ,クッションフロア,可燃ごみの指定袋に入る大きさでなければ「粗大ごみ」,く
可燃ごみ,クッション材（スポンジ等）,可燃ごみの指定袋に入る大きさでなければ「粗大ごみ」,く
可燃ごみ,靴墨のチューブ,,く
古紙・布類,靴の紙箱（厚紙製）,,く
古紙・布類,靴の紙箱（段ボール製）,,く
不燃ごみ・有害ごみ(危険物),靴の紙箱の詰め物（プラスチック製）,,く
可燃ごみ,靴の紙箱の中のの薄い包み紙・詰め物（紙製）,,く
可燃ごみ,靴の中敷き,,く
不燃ごみ・有害ごみ(危険物),靴べら（プラスチック製）,,く
可燃ごみ,靴べら（木製）,,く
可燃ごみ,クリアファイル,,く
可燃ごみ,クリーニングの包装袋,,く
不燃ごみ・有害ごみ(危険物),クリップ,,く
可燃ごみ,クレヨン,,く
可燃ごみ,クレヨンケース(プラスチック製・紙製）,,く
可燃ごみ,クレヨンケースの中敷(紙製),,く
可燃ごみ,クレンザーの容器,,く
可燃ごみ,グローブ・ミット (野球用),,く
不燃ごみ・有害ごみ(危険物),グローランプ・グロー球（点灯管）,,く
可燃ごみ,軍手,,く
可燃ごみ,毛(髪の毛),,け
不燃ごみ・有害ごみ(危険物),蛍光管・蛍光灯,,け
古紙・布類,蛍光管の外箱,,け
可燃ごみ,蛍光管の外箱の上の包装フィルム,,け
不燃ごみ・有害ごみ(危険物),蛍光ペン,,け
不燃ごみ・有害ごみ(危険物),携帯音楽プレーヤー（MD・CD・MP３等）,各区役所等での使用済み小型家電の拠点回収にご協力ください。,け
不燃ごみ・有害ごみ(危険物),携帯情報端末（PDA）,,け
不燃ごみ・有害ごみ(危険物),携帯ラジオ,,け
可燃ごみ,毛糸,,け
不燃ごみ・有害ごみ(危険物),計量カップ（ガラス製・プラスチック製）,,け
不燃ごみ・有害ごみ(危険物),計量スプーン,,け
不燃ごみ・有害ごみ(危険物),計量ばかり,,け
不燃ごみ・有害ごみ(危険物),ケーキ型,,け
不燃ごみ・有害ごみ(危険物),ケーブル（アンテナ用など）,,け
不燃ごみ・有害ごみ(危険物),ケーブル（パソコン用）,本体等をメーカーへリサイクルに出す場合は購入時の標準添付品(マウス、キーボード、スピーカー、ケーブルなど)も一緒に出せます。,け
不燃ごみ・有害ごみ(危険物),ゲームソフト,,け
可燃ごみ,ゲームソフトのケース（柔らかいプラスチック製）,,け
不燃ごみ・有害ごみ(危険物),ゲーム機（家庭用ゲーム機）,各区役所等での使用済み小型家電の拠点回収にご協力ください。,け
不燃ごみ・有害ごみ(危険物),ゲーム盤,紙製や柔らかいシート状のものは「可燃ごみ」へ,け
可燃ごみ,毛皮製品,,け
可燃ごみ,消しゴム,,け
可燃ごみ,化粧品携帯ポーチ,,け
可燃ごみ,化粧品のチューブ,,け
不燃ごみ・有害ごみ(危険物),化粧品のびんのフタ（プラ製）,,け
可燃ごみ,化粧品のびんの中フタ(プラスチック製),,け
びん・缶・ペットボトル,化粧品の容器(ガラス製）,水ですすぐ,け
可燃ごみ,化粧品の容器(プラスチック製）,,け
古紙・布類,化粧品の紙箱（においが移っていないもの）,,け
可燃ごみ,化粧品の紙箱（においが移っているもの）,,け
可燃ごみ,下駄,,け
可燃ごみ,ケチャップの外包装,,け
びん・缶・ペットボトル,ケチャップの容器（ガラス製）,水ですすぐ,け
可燃ごみ,ケチャップの容器（ガラス製以外）,,け
不燃ごみ・有害ごみ(危険物),血圧計（水銀を使用しているもの）,,け
不燃ごみ・有害ごみ(危険物),血圧計（水銀を使用しているもの以外）,,け
不燃ごみ・有害ごみ(危険物),毛抜き,,け
不燃ごみ・有害ごみ(危険物),玄関マット（室外用）（金属製）,不燃ごみの指定袋に入る大きさでなければ「粗大ごみ」,け
可燃ごみ,玄関マット（室外用・室内用）（金属製以外）,可燃ごみの指定袋に入る大きさでなければ「粗大ごみ」,け
可燃ごみ,健康器具,可燃ごみの指定袋に入る大きさでなければ「粗大ごみ」,け
びん・缶・ペットボトル,健康ドリンクのびん,水ですすぐ,け
不燃ごみ・有害ごみ(危険物),剣山,紙で包み｢危険｣と書いて不燃ごみ指定袋へ(指定袋に入る場合),け
不燃ごみ・有害ごみ(危険物),顕微鏡,,け
可燃ごみ,こいのぼり,,こ
不燃ごみ・有害ごみ(危険物),工具・工具箱,不燃ごみの指定袋に入る大きさでなければ「粗大ごみ」,こ
古紙・布類,広告・チラシ,,こ
不燃ごみ・有害ごみ(危険物),香水のびん,,こ
可燃ごみ,紅茶（ティーバッグ）,,こ
可燃ごみ,紅茶（ティーバッグ）の個別包装紙,,こ
可燃ごみ,紅茶（ティーバッグ）の箱（プラスチック製）,,こ
古紙・布類,紅茶（ティーバッグ）の箱（紙製）,,こ
古紙・布類,紅茶(ティーバッグ型)パックの中の台紙,,こ
びん・缶・ペットボトル,紅茶の缶,,こ
不燃ごみ・有害ごみ(危険物),コーキングガン,,こ
不燃ごみ・有害ごみ(危険物),ゴーグル,,こ
可燃ごみ,コート（毛皮・革・綿入り・ビニール製）,,こ
古紙・布類,コート（毛皮・革・綿入り・ビニール製を除く）,,こ
不燃ごみ・有害ごみ(危険物),コード（電気コード）,,こ
不燃ごみ・有害ごみ(危険物),コードリール,不燃ごみの指定袋に入る大きさでなければ「粗大ごみ」,こ
びん・缶・ペットボトル,コーヒー（インスタント）のびん,,こ
可燃ごみ,コーヒーがら及びフィルター,,こ
びん・缶・ペットボトル,コーヒーの缶,水ですすぐ,こ
可燃ごみ,コーヒーびんのフタ(プラスチック製),,こ
可燃ごみ,コーヒーびんの内ブタ(紙製),,こ
不燃ごみ・有害ごみ(危険物),コーヒーミル,,こ
不燃ごみ・有害ごみ(危険物),コーヒーメーカー,,こ
可燃ごみ,氷枕,,こ
不燃ごみ・有害ごみ(危険物),氷枕の留め具,,こ
可燃ごみ,ござ,可燃ごみの指定袋に入る大きさでなければ「粗大ごみ」,こ
可燃ごみ,こたつ布団,可燃ごみの指定袋に入る大きさでなければ「粗大ごみ」,こ
不燃ごみ・有害ごみ(危険物),コップ（ガラス製・プラ製）,割れているものは紙で包み｢危険｣と書いて不燃ごみ指定袋へ,こ
びん・缶・ペットボトル,コップ型のびん（酒が入っていたもの）,水ですすぐ,こ
可燃ごみ,コップ洗い（ブラシ）,,こ
古紙・布類,子供服,,こ
不燃ごみ・有害ごみ(危険物),粉ふるい器,,こ
びん・缶・ペットボトル,粉ミルクの缶,,こ
可燃ごみ,木の葉,,こ
不燃ごみ・有害ごみ(危険物),小鉢,,こ
不燃ごみ・有害ごみ(危険物),碁盤（厚さ１５ｃｍ以下）,木製で厚さが５ｃｍ以下であれば「可燃ごみ」へ,こ
古紙・布類,コピー用紙,少量の場合は新聞と一緒に出せます。コピー用紙のみまとまった量がある場合はコピー用紙だけでひもで十文字にしばって出して下さい。,こ
古紙・布類,コピー用紙の包装紙,,こ
可燃ごみ,駒（将棋の駒）（木製）,,こ
不燃ごみ・有害ごみ(危険物),駒（将棋の駒）（木製以外）,,こ
不燃ごみ・有害ごみ(危険物),ごみ箱（硬いプラスチック製・金属製）,不燃ごみの指定袋に入る大きさでなければ「粗大ごみ」,こ
可燃ごみ,ごみ箱（木製・柔らかいプラスチック製）,,こ
可燃ごみ,小麦粉、片栗粉の袋（紙製）,,こ
可燃ごみ,ゴムひも,,こ
可燃ごみ,ゴムホース,,こ
可燃ごみ,ゴムボート（浮輪的な遊戯具）,,こ
可燃ごみ,ゴムマット,可燃ごみの指定袋に入る大きさでなければ「粗大ごみ」,こ
可燃ごみ,ゴム手袋,,こ
可燃ごみ,ゴム製品,,こ
可燃ごみ,ゴム長靴,,こ
可燃ごみ,米ぬか,,こ
びん・缶・ペットボトル,米の缶,,こ
古紙・布類,米袋（紙製）,紙袋なので通常「雑がみ」ですが、紙製の米袋（茶色）の場合は素材がほぼ段ボールと同じため、例外として「段ボール」と一緒に束ねて出せます。,こ
可燃ごみ,米袋（プラスチック製）,,こ
可燃ごみ,コルクボード,可燃ごみの指定袋に入る大きさでなければ「粗大ごみ」,こ
可燃ごみ,コルク栓,,こ
不燃ごみ・有害ごみ(危険物),コルク抜き,,こ
不燃ごみ・有害ごみ(危険物),コンセント,,こ
可燃ごみ,コンタクトレンズ,,こ
可燃ごみ,コンタクトレンズ保存液の容器,,こ
不燃ごみ・有害ごみ(危険物),コンタクトレンズ保存容器（ケース）,,こ
不燃ごみ・有害ごみ(危険物),コンパクト(化粧用),,こ
不燃ごみ・有害ごみ(危険物),コンパクトディスク (CD)プレーヤー,不燃ごみの指定袋に入る大きさでなければ「粗大ごみ」,こ
不燃ごみ・有害ごみ(危険物),コンパス（文房具）,,こ
可燃ごみ,コンパネ（ベニヤ板）,可燃ごみの指定袋に入る大きさでなければ「粗大ごみ」,こ
古紙・布類,コンビニ弁当・惣菜のはし・爪楊枝の袋（紙製）（汚れていないもの）,汚れたものは「可燃ごみ」へ,こ
可燃ごみ,コンビニ弁当や惣菜のしょうゆ・タレなどの容器・フタ,,こ
可燃ごみ,コンビニ弁当や惣菜のスプーン・フォーク・はし・爪楊枝のビニール袋,,こ
可燃ごみ,コンビニ弁当や惣菜のはし・爪楊枝（木製）,,こ
可燃ごみ,コンビニ弁当や惣菜の包装フィルム,,こ
可燃ごみ,コンビニ弁当や惣菜の容器（プラスチック製・紙製）,,こ
不燃ごみ・有害ごみ(危険物),コンポ（音響機器）,不燃ごみの指定袋に入る大きさでなければ「粗大ごみ」,こ
不燃ごみ・有害ごみ(危険物),コンロ（卓上コンロ、カセットコンロ）,不燃ごみの指定袋に入る大きさでなければ「粗大ごみ」,こ
可燃ごみ,在宅医療用のビニールバッグ・チューブ・カテーテル類,,さ
可燃ごみ,財布,,さ
不燃ごみ・有害ごみ(危険物),サインペン,,さ
不燃ごみ・有害ごみ(危険物),魚の焼き網,,さ
可燃ごみ,作業着,,さ
びん・缶・ペットボトル,酒（料理酒）の入っていたペットボトル,水ですすぐ,さ
びん・缶・ペットボトル,酒カップ（ガラス製）,水ですすぐ,さ
びん・缶・ペットボトル,酒カップのフタ（金属）,,さ
可燃ごみ,酒類の紙パック（内側にアルミ等のコーティングのあるもの）,,さ
古紙・布類,酒類の紙パック（内側にアルミ等のコーティングのないもの）,（注ぎ口がプラスチック製のものは切り取ってから）水ですすいで乾かし、ひもで十文字に束ねる,さ
びん・缶・ペットボトル,酒類のびん（ガラス製）,水ですすぐ,さ
不燃ごみ・有害ごみ(危険物),酒類のびん（ガラス製以外）,,さ
可燃ごみ,酒類のびんの栓（コルク製）,,さ
可燃ごみ,酒類のびんの栓（プラスチック製）,,さ
びん・缶・ペットボトル,酒類のびんの栓（金属製）,,さ
びん・缶・ペットボトル,酒類のペットボトル,,さ
可燃ごみ,サッカーボール,なるべく空気を抜いてから捨ててください。,さ
可燃ごみ,雑誌（表紙にコーティングがあるもの）,取り外せれば取り外して表紙部分は「可燃ごみ」、残りは【古紙(雑誌)】として出せます。,さ
古紙・布類,雑誌（表紙にコーティングがないもの）,端をちぎった時にフィルム状のものが見えたら、コーティングがあるものです。コーティングのあるものは「可燃ごみ」へ。,さ
不燃ごみ・有害ごみ(危険物),殺虫剤のびん,,さ
可燃ごみ,殺虫剤のフタ,,さ
可燃ごみ,殺虫剤の包装フィルム,,さ
可燃ごみ,座布団,可燃ごみの指定袋に入る大きさでなければ「粗大ごみ」,さ
可燃ごみ,皿（紙製、木製）,,さ
不燃ごみ・有害ごみ(危険物),皿（その他）,,さ
可燃ごみ,サラダボール(木製),,さ
不燃ごみ・有害ごみ(危険物),サラダボール(木製以外),,さ
びん・缶・ペットボトル,サラダ油のびん,水ですすぐ,さ
可燃ごみ,サラダ油のプラスチック製ボトル,,さ
びん・缶・ペットボトル,サラダ油の缶,水ですすぐ,さ
不燃ごみ・有害ごみ(危険物),ざる（金属製、プラスチック製など硬いもの）,,さ
可燃ごみ,ざる（竹製、シリコン製など柔らかいもの）,,さ
不燃ごみ・有害ごみ(危険物),三角コーナー,,さ
不燃ごみ・有害ごみ(危険物),三脚,不燃ごみの指定袋に入る大きさでなければ「粗大ごみ」,さ
不燃ごみ・有害ごみ(危険物),サングラス,,さ
古紙・布類,参考書,,さ
可燃ごみ,サンダル,,さ
可燃ごみ,残飯,,さ
不燃ごみ・有害ごみ(危険物),ＣＤ（ケースを含む）,,し
不燃ごみ・有害ごみ(危険物),CDチェンジャー,不燃ごみの指定袋に入る大きさでなければ「粗大ごみ」,し
可燃ごみ,CDの包装フィルム,,し
不燃ごみ・有害ごみ(危険物),CDプレイヤー,不燃ごみの指定袋に入る大きさでなければ「粗大ごみ」,し
不燃ごみ・有害ごみ(危険物),CDラジカセ,不燃ごみの指定袋に入る大きさでなければ「粗大ごみ」,し
可燃ごみ,シーツ（ボックスシーツ、ゴムかけタイプ、ボア製、パイル製など）,,し
古紙・布類,シーツ（綿製品で１枚布のもの）,,し
可燃ごみ,シート（レジャーシートなど）,,し
可燃ごみ,シートレコード,,し
可燃ごみ,シール,,し
可燃ごみ,シール台紙,,し
古紙・布類,ジーンズ,,し
不燃ごみ・有害ごみ(危険物),シェーバー（ひげそり）,,し
可燃ごみ,地下足袋,,し
可燃ごみ,磁気カード,,し
可燃ごみ,敷物,,し
不燃ごみ・有害ごみ(危険物),磁石,,し
古紙・布類,辞書・辞典,,し
可燃ごみ,下着,,し
可燃ごみ,下敷き,,し
不燃ごみ・有害ごみ(危険物),七輪,不燃ごみの指定袋に入る大きさでなければ「粗大ごみ」,し
可燃ごみ,湿気取りの容器（使い捨て）,,し
不燃ごみ・有害ごみ(危険物),湿度計,,し
可燃ごみ,シップ,,し
可燃ごみ,シップの内袋,,し
古紙・布類,シップの外箱（紙製）,,し
可燃ごみ,シップのフィルム,,し
可燃ごみ,自転車(バイク、車)のカバー,,し
不燃ごみ・有害ごみ(危険物),自転車空気入れ,不燃ごみの指定袋に入る大きさでなければ「粗大ごみ」,し
可燃ごみ,自転車のタイヤ・チューブ（ゴム製）,,し
不燃ごみ・有害ごみ(危険物),自転車部品,不燃ごみの指定袋に入る大きさでなければ「粗大ごみ」,し
可燃ごみ,芝生,,し
不燃ごみ・有害ごみ(危険物),シャープペンシル,,し
可燃ごみ,シャープペンシルの芯,,し
不燃ごみ・有害ごみ(危険物),シャープペンシルの芯ケース（プラスチック製）,,し
不燃ごみ・有害ごみ(危険物),蛇口,,し
可燃ごみ,写真,,し
可燃ごみ,写真のネガ・フィルム,,し
可燃ごみ,写真フィルムのケース,,し
不燃ごみ・有害ごみ(危険物),シャベル,不燃ごみの指定袋に入る大きさでなければ「粗大ごみ」,し
びん・缶・ペットボトル,ジャムのびん（ガラス製）,水ですすぐ,し
不燃ごみ・有害ごみ(危険物),ジャムのびん（プラスチック製）,,し
びん・缶・ペットボトル,ジャムのびんのフタ(金属製),水ですすぐ,し
不燃ごみ・有害ごみ(危険物),シャンデリア,不燃ごみの指定袋に入る大きさでなければ「粗大ごみ」,し
可燃ごみ,シャンプーの詰め替え用袋（プラスチック製）,,し
可燃ごみ,シャンプーボトル,,し
古紙・布類,週刊誌,,し
不燃ごみ・有害ごみ(危険物),ジューサー,不燃ごみの指定袋に入る大きさでなければ「粗大ごみ」,し
可燃ごみ,習字の紙（半紙）,,し
びん・缶・ペットボトル,ジュースのびん（ガラス製）,水ですすぐ,し
びん・缶・ペットボトル,ジュースのペットボトル,水ですすぐ,し
可燃ごみ,ジュースのペットボトルのラベル（プラスチック製）,（ペットボトル本体（資源物）からはがさずそのまま出せます。）,し
びん・缶・ペットボトル,ジュースの缶,水ですすぐ,し
可燃ごみ,ジュースの紙パック（内側にアルミ等のコーティングのあるものや５００ｍｌ未満のもの）,,し
古紙・布類,ジュースの紙パック（内側にアルミ等のコーティングのないもの）（５００ｍｌ以上）,水ですすいで乾かしてからひもで十文字に束ねる,し
可燃ごみ,じゅうたん,可燃ごみの指定袋に入る大きさでなければ「粗大ごみ」,し
不燃ごみ・有害ごみ(危険物),充電器（その他）,,し
可燃ごみ,柔道着,,し
不燃ごみ・有害ごみ(危険物),シュレッダー（手動・小型）,,し
可燃ごみ,シュレッダーにかけた紙,,し
不燃ごみ・有害ごみ(危険物),消火剤（スプレー式）,,し
不燃ごみ・有害ごみ(危険物),定規（プラスチック製）,不燃ごみの指定袋に入る大きさでなければ「粗大ごみ」,し
可燃ごみ,定規（木製・竹製）,,し
可燃ごみ,将棋の駒（木製）,,し
不燃ごみ・有害ごみ(危険物),将棋の駒（木製以外）,,し
不燃ごみ・有害ごみ(危険物),将棋盤（厚さ１５ｃｍ以下）,木製で厚さが５ｃｍ以下であれば「可燃ごみ」へ,し
可燃ごみ,消臭剤,,し
不燃ごみ・有害ごみ(危険物),浄水器（カートリッジを含む）,,し
可燃ごみ,樟脳（防虫剤）,,し
不燃ごみ・有害ごみ(危険物),照明器具（シャンデリア・スタンド照明など）,不燃ごみの指定袋に入る大きさでなければ「粗大ごみ」,し
びん・缶・ペットボトル,しょうゆのびん・しょうゆさし（ガラス製）,水ですすぐ,し
びん・缶・ペットボトル,しょうゆのペットボトル,水ですすぐ,し
可燃ごみ,しょうゆのペットボトルのフタ,,し
不燃ごみ・有害ごみ(危険物),じょうろ,,し
びん・缶・ペットボトル,食品が入っていたびん（ガラス製）,水ですすぐ,し
不燃ごみ・有害ごみ(危険物),食品が入っていたびん（ガラス製以外）,,し
びん・缶・ペットボトル,食用油の缶,水ですすぐ,し
びん・缶・ペットボトル,食用油のびん（ガラス製）,水ですすぐ,し
可燃ごみ,食用油のプラスチックボトル,,し
可燃ごみ,食用油のプラスチックボトルのフタ,,し
可燃ごみ,食用油のプラスチックボトルのラベル,,し
可燃ごみ,除湿剤（ゼリー状）,,し
可燃ごみ,除湿剤（プラスチック製）,,し
可燃ごみ,除湿剤の容器,,し
可燃ごみ,除草剤容器,,し
可燃ごみ,食器（木製）,,し
不燃ごみ・有害ごみ(危険物),食器（木製以外）,,し
不燃ごみ・有害ごみ(危険物),ショベル,不燃ごみの指定袋に入る大きさでなければ「粗大ごみ」,し
可燃ごみ,シリカゲル(乾燥剤),,し
可燃ごみ,人工芝,,し
古紙・布類,新聞紙,,し
びん・缶・ペットボトル,酢（食酢・調味酢）の入っていたペットボトル,水ですすぐ,す
可燃ごみ,吸い殻,,す
不燃ごみ・有害ごみ(危険物),水銀体温計,,す
不燃ごみ・有害ごみ(危険物),水槽,不燃ごみの指定袋に入る大きさでなければ「粗大ごみ」,す
不燃ごみ・有害ごみ(危険物),水中メガネ,,す
不燃ごみ・有害ごみ(危険物),水筒（プラスチック製・金属製）,,す
不燃ごみ・有害ごみ(危険物),炊飯器（一升炊きまで）,不燃ごみ指定袋（２０?）をそれぞれひとつの品目に対して１枚ずつ縛りつけるか、テープなどで貼りつけて排出してください。,す
古紙・布類,スーツ,,す
可燃ごみ,スーツロッカー（ナイロン製，布製のもの）,,す
古紙・布類,スカート,,す
可燃ごみ,スカーフ,,す
可燃ごみ,スキーウェア,,す
不燃ごみ・有害ごみ(危険物),スキーブーツ,不燃ごみの指定袋に入る大きさでなければ「粗大ごみ」,す
不燃ごみ・有害ごみ(危険物),スキャナー,不燃ごみの指定袋に入る大きさでなければ「粗大ごみ」,す
不燃ごみ・有害ごみ(危険物),スケート靴,,す
不燃ごみ・有害ごみ(危険物),スコップ,不燃ごみの指定袋に入る大きさでなければ「粗大ごみ」,す
可燃ごみ,寿司の桶（木製）,,す
不燃ごみ・有害ごみ(危険物),寿司の桶（木製以外）,不燃ごみの指定袋に入る大きさでなければ「粗大ごみ」,す
不燃ごみ・有害ごみ(危険物),硯（すずり）（瓦製）,,す
可燃ごみ,簾（すだれ）,可燃ごみの指定袋に入る大きさでなければ「粗大ごみ」,す
不燃ごみ・有害ごみ(危険物),スタンドミラー（小型）,,す
不燃ごみ・有害ごみ(危険物),スタンプ台,,す
びん・缶・ペットボトル,スチール缶（飲料・食品用）,水ですすぐ,す
不燃ごみ・有害ごみ(危険物),スチール缶（車用・バイク用等のオイル缶）,,す
不燃ごみ・有害ごみ(危険物),スティックのり容器,,す
可燃ごみ,ストッキング,,す
古紙・布類,ストッキングの中台紙（紙製）,,す
可燃ごみ,ストロー,,す
可燃ごみ,スナック菓子などの袋,,す
不燃ごみ・有害ごみ(危険物),砂時計,,す
可燃ごみ,スニーカー,,す
可燃ごみ,スパイクシューズ（スパイクを取り外したもの）,スパイクを取り外せなければそのまま「可燃ごみ」へ,す
不燃ごみ・有害ごみ(危険物),スパイクシューズのスパイク,,す
不燃ごみ・有害ごみ(危険物),スピーカー,不燃ごみの指定袋に入る大きさでなければ「粗大ごみ」,す
不燃ごみ・有害ごみ(危険物),スプーン,,す
不燃ごみ・有害ごみ(危険物),スプレー缶（化粧品・殺虫剤等）,,す
可燃ごみ,スプレー缶のフタ,,す
可燃ごみ,スポンジ,,す
可燃ごみ,スポンジ製品,,す
可燃ごみ,炭,,す
可燃ごみ,炭の灰,,す
不燃ごみ・有害ごみ(危険物),スライサー,,す
古紙・布類,スラックス,,す
可燃ごみ,すりこぎ棒,,す
可燃ごみ,スリッパ,,す
可燃ごみ,スリッパラック（木製）,可燃ごみの指定袋に入る大きさでなければ「粗大ごみ」,す
不燃ごみ・有害ごみ(危険物),スリッパラック（木製以外）,不燃ごみの指定袋に入る大きさでなければ「粗大ごみ」,す
不燃ごみ・有害ごみ(危険物),すり鉢,,す
不燃ごみ・有害ごみ(危険物),スレート（波板）（プラスチック製）,,す
不燃ごみ・有害ごみ(危険物),制汗剤（スプレー缶）,,せ
可燃ごみ,制汗剤のフタ,,せ
可燃ごみ,制汗剤の包装フィルム,,せ
可燃ごみ,生鮮食品の包装フィルム,,せ
不燃ごみ・有害ごみ(危険物),製氷皿,,せ
可燃ごみ,制服,,せ
びん・缶・ペットボトル,清涼飲料水のびん（ガラス製）,水ですすぐ,せ
びん・缶・ペットボトル,清涼飲料水のペットボトル,水ですすぐ,せ
びん・缶・ペットボトル,清涼飲料水の缶,水ですすぐ,せ
可燃ごみ,生理用品,,せ
可燃ごみ,生理用品の包装(外袋、個袋),,せ
古紙・布類,セーター（既製品）,,せ
可燃ごみ,セーター（手編み）,,せ
可燃ごみ,石灰,,せ
可燃ごみ,石鹸,,せ
可燃ごみ,石鹸の個袋(紙製・プラスチック製),,せ
可燃ごみ,石鹸の外箱（紙製）,,せ
可燃ごみ,接着剤,,せ
古紙・布類,接着剤の紙箱,,せ
可燃ごみ,接着剤の容器（チューブ、ボトルなど）,,せ
古紙・布類,説明書,,せ
不燃ごみ・有害ごみ(危険物),せともの・陶器,不燃ごみの指定袋に入る大きさでなければ「粗大ごみ」,せ
古紙・布類,背広,,せ
不燃ごみ・有害ごみ(危険物),セラミックヒーター,不燃ごみの指定袋に入る大きさでなければ「粗大ごみ」,せ
可燃ごみ,ゼリー・プリンのカップ,,せ
古紙・布類,ゼリー・プリンの台紙,,せ
可燃ごみ,ゼリー・プリンのフタ,,せ
可燃ごみ,ゼリー・プリンの外包み,,せ
可燃ごみ,セロハンテープ,,せ
可燃ごみ,セロハンテープの外包装・個袋（プラスチック製）,,せ
古紙・布類,セロハンテープの外箱,,せ
不燃ごみ・有害ごみ(危険物),セロハンテープの金具（切る部分）,,せ
可燃ごみ,セロハンテープの芯,,せ
不燃ごみ・有害ごみ(危険物),セロハンテープ台,,せ
可燃ごみ,セロハン紙,,せ
可燃ごみ,洗顔料のチューブ,,せ
可燃ごみ,線香,,せ
可燃ごみ,線香の箱,,せ
可燃ごみ,洗剤の計量スプーン,,せ
可燃ごみ,洗剤やせっけんの箱,,せ
可燃ごみ,洗剤容器（プラ製）,,せ
可燃ごみ,洗剤容器（紙製）,,せ
不燃ごみ・有害ごみ(危険物),洗車ブラシ,,せ
可燃ごみ,扇子,,せ
不燃ごみ・有害ごみ(危険物),洗濯かご（金属製、硬いプラスチック製）,不燃ごみの指定袋に入る大きさでなければ「粗大ごみ」,せ
可燃ごみ,洗濯かご（植物等の自然素材、シリコン製など柔らかいもの）,,せ
可燃ごみ,洗濯ネット,,せ
可燃ごみ,洗濯のりの容器,,せ
可燃ごみ,洗濯のりの容器のフタ,,せ
不燃ごみ・有害ごみ(危険物),洗濯ばさみ,,せ
不燃ごみ・有害ごみ(危険物),洗濯用角ハンガー（洗濯ばさみが複数付属したもの）,不燃ごみ指定袋（２０?）をそれぞれひとつの品目に対して１枚ずつ縛りつけるか、テープなどで貼りつけて排出してください。,せ
可燃ごみ,洗濯用ハンガー（一着用）（木製）,,せ
不燃ごみ・有害ごみ(危険物),洗濯用ハンガー（一着用）（木製以外）,,せ
可燃ごみ,剪定くず,,せ
可燃ごみ,剪定枝（太さ１０ｃｍ、長さ５０ｃｍ以内）,ひもで束ねて、１回に出す量は片手で持てる大きさで3束程度。指定袋に入れなくて可。,せ
不燃ごみ・有害ごみ(危険物),剪定バサミ,不燃ごみの指定袋に入る大きさでなければ「粗大ごみ」,せ
不燃ごみ・有害ごみ(危険物),栓抜き,,せ
不燃ごみ・有害ごみ(危険物),扇風機,不燃ごみの指定袋に入る大きさでなければ「粗大ごみ」,せ
可燃ごみ,せんべいの袋（プラ製）,,せ
不燃ごみ・有害ごみ(危険物),洗面器（プラスチック製）,不燃ごみ指定袋（２０?）をそれぞれひとつの品目に対して１枚ずつ縛りつけるか、テープなどで貼りつけて排出してください。,せ
可燃ごみ,洗面器（木製）,,せ
可燃ごみ,造花,,そ
不燃ごみ・有害ごみ(危険物),双眼鏡,,そ
可燃ごみ,ぞうきん,,そ
可燃ごみ,惣菜の容器（プラ製）,,そ
可燃ごみ,掃除機の紙パック(ダスト),,そ
古紙・布類,そうめんの空き箱（紙製）,,そ
可燃ごみ,そうめんの空き箱（木製）,,そ
可燃ごみ,ぞうり,,そ
びん・缶・ペットボトル,ソースのびん（ガラス製）,,そ
可燃ごみ,ソースの容器・フタ（プラスチック製）,,そ
可燃ごみ,即席めんの袋（プラ製）,,そ
可燃ごみ,ソノシート（シートレコード）,,そ
可燃ごみ,そろばん,,そ
不燃ごみ・有害ごみ(危険物),体温計(水銀入り),,た
不燃ごみ・有害ごみ(危険物),体温計（デジタル式）,,た
不燃ごみ・有害ごみ(危険物),体温計のケース,,た
古紙・布類,台紙（紙製で商品の保護・固定用）（汚れていないもの）,,た
不燃ごみ・有害ごみ(危険物),体脂肪計,,た
不燃ごみ・有害ごみ(危険物),体重計,,た
可燃ごみ,台所ごみ,,た
不燃ごみ・有害ごみ(危険物),耐熱ガラス・耐熱コップ,,た
可燃ごみ,タイヤチェーン（ゴム製・ウレタン製）,,た
不燃ごみ・有害ごみ(危険物),タイヤチェーン（硬いプラスチック製）,,た
不燃ごみ・有害ごみ(危険物),タイヤチェーン（金属製）,,た
不燃ごみ・有害ごみ(危険物),タイル,,た
古紙・布類,ダイレクトメール（郵便受けに投函されたり、一般に配布しているチラシ）,,た
可燃ごみ,ダイレクトメール（郵便受けに投函される、はがして読むもの・圧着ハガキ）,,た
古紙・布類,タオル・タオルケット,汚れたものは「可燃ごみ」へ,た
可燃ごみ,抱き枕,,た
不燃ごみ・有害ごみ(危険物),卓上コンロ,,た
不燃ごみ・有害ごみ(危険物),卓上時計,各区役所等での使用済み小型家電の拠点回収にご協力ください。,た
可燃ごみ,宅配業者の配達専用封筒（コーティングのあるもの）,端をちぎった時にフィルム状のものが見えたら、コーティングがあるものです。コーティングがない普通紙なら【古紙（雑がみ）】として出せます。,た
可燃ごみ,宅配便などの複写伝票,,た
古紙・布類,宅配便を利用する際に使われた紙箱（厚紙製）,,た
可燃ごみ,宅配便を利用する際に使われた緩衝材,,た
可燃ごみ,竹,可燃ごみの指定袋に入る大きさでなければ「粗大ごみ」,た
可燃ごみ,竹串,,た
可燃ごみ,脱衣かご（籐などの植物素材のもの、柔らかいプラスチック製など）,,た
可燃ごみ,脱酸素剤（菓子などに入っているもの）,,た
可燃ごみ,脱脂綿,,た
可燃ごみ,脱臭剤,,た
可燃ごみ,脱臭剤容器（プラスチック製）,,た
不燃ごみ・有害ごみ(危険物),タッパー・タッパーのフタ（プラスチック製）（手で曲がらないような硬いもの）,,た
可燃ごみ,タッパー・タッパーのフタ（プラスチック製）（手で曲がるような軟らかいもの）,,た
不燃ごみ・有害ごみ(危険物),楯・トロフィー,不燃ごみの指定袋に入る大きさでなければ「粗大ごみ」,た
可燃ごみ,タバコの外包装フィルム,,た
可燃ごみ,タバコの吸殻・灰,,た
古紙・布類,タバコの空き箱,,た
可燃ごみ,タバコの中銀紙,,た
可燃ごみ,卵の殻,,た
可燃ごみ,卵のパック,紙製のものでも素材として布が使用されているものがあるため「可燃ごみ」へ,た
可燃ごみ,樽,可燃ごみの指定袋に入る大きさでなければ「粗大ごみ」,た
びん・缶・ペットボトル,たれ（焼肉のたれなどの食用）の容器（ガラス製）,水ですすぐ,た
可燃ごみ,たれ（焼肉のたれなどの食用）の容器（プラスチック製・紙製）,,た
不燃ごみ・有害ごみ(危険物),たわし（金属製）,,た
可燃ごみ,たわし,,た
古紙・布類,単行本,,た
可燃ごみ,タンスシート,,た
可燃ごみ,丹前（たんぜん）・どてら,,た
古紙・布類,段ボール,1枚でも必ずたたんでからひもで束ねる,た
可燃ごみ,チアパック（口栓付きパウチ容器）,,ち
不燃ごみ・有害ごみ(危険物),チェーン（硬いプラスチック製）,,ち
可燃ごみ,チェーン（ゴム製・ウレタン製など柔らかいもの）,,ち
不燃ごみ・有害ごみ(危険物),チェーン（金属製）,,ち
不燃ごみ・有害ごみ(危険物),地球儀,不燃ごみの指定袋に入る大きさでなければ「粗大ごみ」,ち
可燃ごみ,茶がら,,ち
不燃ごみ・有害ごみ(危険物),茶こし（金属製・プラスチック製）,,ち
可燃ごみ,茶こし（シリコン製など柔らかいもの）,,ち
びん・缶・ペットボトル,茶筒（金属製）,,ち
不燃ごみ・有害ごみ(危険物),茶筒（プラスチック製）,,ち
古紙・布類,茶筒の外箱（厚紙製）,,ち
古紙・布類,茶筒の外箱（段ボール製）,表面に色が付いていても、断面を確認して茶色く波状の紙が挟まったものは段ボールです。,ち
びん・缶・ペットボトル,茶葉の缶（お茶、茶葉が入って販売されていたもの）,,ち
可燃ごみ,茶葉の袋（茶葉が入って販売されていたもの）,,ち
不燃ごみ・有害ごみ(危険物),茶碗,,ち
不燃ごみ・有害ごみ(危険物),中華鍋,不燃ごみの指定袋に入る大きさでなければ「粗大ごみ」,ち
不燃ごみ・有害ごみ(危険物),チューナー,不燃ごみの指定袋に入る大きさでなければ「粗大ごみ」,ち
可燃ごみ,チューブ（自転車用）,,ち
可燃ごみ,チューブ容器(食料品や日用品等),,ち
不燃ごみ・有害ごみ(危険物),彫刻刀,,ち
不燃ごみ・有害ごみ(危険物),ちょうつがい（蝶番）,,ち
びん・缶・ペットボトル,調味料の缶,水ですすぐ,ち
びん・缶・ペットボトル,調味料のびん（ガラス製）,水ですすぐ,ち
可燃ごみ,調味料の容器（プラスチック製）,,ち
不燃ごみ・有害ごみ(危険物),調理器具（金属製・硬いプラスチック製）,,ち
可燃ごみ,調理器具（木製・シリコン製）,,ち
可燃ごみ,チョーク（白墨）,,ち
古紙・布類,チラシ,,ち
不燃ごみ・有害ごみ(危険物),ちりとり（プラスチック製・金属製）,不燃ごみの指定袋に入る大きさでなければ「粗大ごみ」,ち
可燃ごみ,ちり紙,,ち
可燃ごみ,使い捨てカイロ,,つ
不燃ごみ・有害ごみ(危険物),使い捨てかみそり,,つ
不燃ごみ・有害ごみ(危険物),使い捨てカメラ,,つ
不燃ごみ・有害ごみ(危険物),使い捨てライター,,つ
可燃ごみ,机,可燃ごみの指定袋に入る大きさでなければ「粗大ごみ」,つ
可燃ごみ,付け毛（ウィッグ）,,つ
不燃ごみ・有害ごみ(危険物),漬物樽,不燃ごみの指定袋に入る大きさでなければ「粗大ごみ」,つ
不燃ごみ・有害ごみ(危険物),つっぱり棒・つっぱり棚（プラスチック製）,不燃ごみの指定袋に入る大きさでなければ「粗大ごみ」,つ
可燃ごみ,葛篭（つづら）,,つ
可燃ごみ,つなぎ（作業着）,,つ
不燃ごみ・有害ごみ(危険物),壺（つぼ）,不燃ごみの指定袋に入る大きさでなければ「粗大ごみ」,つ
不燃ごみ・有害ごみ(危険物),積み木（玩具）（プラスチック製・金属製）,,つ
可燃ごみ,積み木（玩具）（木製）,,つ
可燃ごみ,詰め替え製品の袋（調味料、洗剤などの詰め替え商品の入っていた袋）（紙製）,,つ
可燃ごみ,詰め替え製品の容器など（プラ製）,,つ
不燃ごみ・有害ごみ(危険物),爪切り,,つ
可燃ごみ,つゆ（油分のあるもの）の容器（ペットボトル製）,,つ
びん・缶・ペットボトル,つゆ（麺つゆなどの食用・油分のないもの）の容器（ペットボトル製※）,水ですすぐ　　※PETマークのあるもの,つ
びん・缶・ペットボトル,つゆ（麺つゆなどの食用）の容器（ガラス製）,水ですすぐ,つ
可燃ごみ,つゆ（麺つゆなどの食用）の容器（紙製）,,つ
可燃ごみ,釣糸,,つ
可燃ごみ,釣竿（竹製）,可燃ごみの指定袋に入る大きさでなければ「粗大ごみ」,つ
不燃ごみ・有害ごみ(危険物),釣竿（竹製以外）,不燃ごみの指定袋に入る大きさでなければ「粗大ごみ」,つ
不燃ごみ・有害ごみ(危険物),釣針,紙で包み｢危険｣と書くか、専用のケースに入れて不燃ごみ指定袋へ,つ
不燃ごみ・有害ごみ(危険物),釣り用鉛製品,,つ
不燃ごみ・有害ごみ(危険物),ＤＶＤ（ケースを含む）,,て
可燃ごみ,DVDの包装フィルム,,て
不燃ごみ・有害ごみ(危険物),DVDプレーヤー・ DVDレコーダー,不燃ごみの指定袋に入る大きさでなければ「粗大ごみ」,て
古紙・布類,Tシャツ,,て
不燃ごみ・有害ごみ(危険物),低周波治療器,不燃ごみの指定袋に入る大きさでなければ「粗大ごみ」,て
可燃ごみ,ティッシュペーパー,,て
古紙・布類,ティッシュボックス(紙箱),,て
可燃ごみ,ティッシュボックス(紙箱)取出口のフィルム,,て
可燃ごみ,デイパック,,て
可燃ごみ,テーブルクロス,,て
不燃ごみ・有害ごみ(危険物),テーブルタップ（電気コード）,,て
不燃ごみ・有害ごみ(危険物),テープレコーダー,不燃ごみの指定袋に入る大きさでなければ「粗大ごみ」,て
可燃ごみ,テープ類,,て
可燃ごみ,手おけ（木製）,,て
不燃ごみ・有害ごみ(危険物),手おけ（木製以外）,,て
不燃ごみ・有害ごみ(危険物),手鏡,,て
古紙・布類,手紙,,て
可燃ごみ,テグス（釣り糸）,,て
不燃ごみ・有害ごみ(危険物),手提げ金庫,,て
古紙・布類,手提げ袋(紙製)（コーティングのないもの）,持ち手部分が紙以外の素材は取り除く。端をちぎった時にフィルム状のものが見えたら、コーティングがあるものです。コーティングのあるものは「可燃ごみ」へ。,て
不燃ごみ・有害ごみ(危険物),デジタルカメラ,各区役所等での使用済み小型家電の拠点回収にご協力ください。,て
古紙・布類,手帳,個人情報のあるものは「可燃ごみ」へ,て
可燃ごみ,手帳のカバー,,て
可燃ごみ,テニスボール,,て
可燃ごみ,テニスラケット（木製）,,て
可燃ごみ,テニスラケットのケース,,て
可燃ごみ,手ぬぐい,,て
可燃ごみ,手袋（革製・ゴム製・布製）,,て
不燃ごみ・有害ごみ(危険物),テレビアンテナ,不燃ごみの指定袋に入る大きさでなければ「粗大ごみ」,て
不燃ごみ・有害ごみ(危険物),テレビゲーム,,て
不燃ごみ・有害ごみ(危険物),テレビゲームのソフト,,て
可燃ごみ,テレホンカード,,て
古紙・布類,電化製品の空き箱(段ボール),,て
可燃ごみ,電化製品の緩衝材(発泡スチロール),,て
不燃ごみ・有害ごみ(危険物),電気あんか,,て
不燃ごみ・有害ごみ(危険物),電気鉛筆削り,,て
可燃ごみ,電気カーペット,電源プラグなど硬いプラスチック部分は取り外して不燃ごみへ。（取り外せなければそのまま「可燃ごみ」か「粗大ごみ」へ）,て
不燃ごみ・有害ごみ(危険物),電気釜（炊飯器）（一升炊き超）,不燃ごみ指定袋（２０?）をそれぞれひとつの品目に対して１枚ずつ縛りつけるか、テープなどで貼りつけて排出してください。,て
不燃ごみ・有害ごみ(危険物),電気カミソリ・電気ひげそり,各区役所等での使用済み小型家電の拠点回収にご協力ください。,て
不燃ごみ・有害ごみ(危険物),電気器具（小型のもの）,,て
不燃ごみ・有害ごみ(危険物),電気コード,,て
不燃ごみ・有害ごみ(危険物),電気コンロ,,て
不燃ごみ・有害ごみ(危険物),電気スタンド,不燃ごみの指定袋に入る大きさでなければ「粗大ごみ」,て
古紙・布類,電気製品等の説明書,,て
不燃ごみ・有害ごみ(危険物),電気掃除機,小型のもので不燃ごみの指定袋に入れば「不燃ごみ」,て
不燃ごみ・有害ごみ(危険物),電気バリカン,各区役所等での使用済み小型家電の拠点回収にご協力ください。,て
不燃ごみ・有害ごみ(危険物),電気ポット,,て
可燃ごみ,電気毛布,電源プラグなど硬いプラスチック部分は取り外して不燃ごみへ。（取り外せなければそのまま「可燃ごみ」か「粗大ごみ」へ）,て
不燃ごみ・有害ごみ(危険物),電球,,て
不燃ごみ・有害ごみ(危険物),電子ゲーム機（携帯ゲーム機）,,て
不燃ごみ・有害ごみ(危険物),電子辞書,各区役所等での使用済み小型家電の拠点回収にご協力ください。,て
不燃ごみ・有害ごみ(危険物),電子書籍端末（電子ブックリーダー）,各区役所等での使用済み小型家電の拠点回収にご協力ください。,て
不燃ごみ・有害ごみ(危険物),電子体温計,各区役所等での使用済み小型家電の拠点回収にご協力ください。,て
不燃ごみ・有害ごみ(危険物),電磁調理器（IH）,不燃ごみの指定袋に入る大きさでなければ「粗大ごみ」,て
不燃ごみ・有害ごみ(危険物),電子手帳,,て
不燃ごみ・有害ごみ(危険物),電子付属品（ACアダプター・コード類）,各区役所等での使用済み小型家電の拠点回収にご協力ください。,て
可燃ごみ,点字本,,て
不燃ごみ・有害ごみ(危険物),天体望遠鏡,不燃ごみの指定袋に入る大きさでなければ「粗大ごみ」,て
不燃ごみ・有害ごみ(危険物),電卓,各区役所等での使用済み小型家電の拠点回収にご協力ください。,て
不燃ごみ・有害ごみ(危険物),電池（アルカリ乾電池、マンガン乾電池）,,て
可燃ごみ,テント,可燃ごみの指定袋に入る大きさでなければ「粗大ごみ」,て
不燃ごみ・有害ごみ(危険物),電動工具,不燃ごみの指定袋に入る大きさでなければ「粗大ごみ」,て
不燃ごみ・有害ごみ(危険物),電動歯ブラシ,各区役所等での使用済み小型家電の拠点回収にご協力ください。,て
不燃ごみ・有害ごみ(危険物),てんぷらガード,不燃ごみの指定袋に入る大きさでなければ「粗大ごみ」,て
不燃ごみ・有害ごみ(危険物),電話機,,て
古紙・布類,電話帳,,て
可燃ごみ,トイレットペーパー,,と
可燃ごみ,トイレットペーパーの外包装,,と
古紙・布類,トイレットペーパーの芯,,と
不燃ごみ・有害ごみ(危険物),トイレブラシ,,と
可燃ごみ,トイレマット,,と
可燃ごみ,籐（とう）製品,可燃ごみの指定袋に入る大きさでなければ「粗大ごみ」,と
不燃ごみ・有害ごみ(危険物),陶器・せともの,不燃ごみの指定袋に入る大きさでなければ「粗大ごみ」,と
可燃ごみ,道具箱（木製）,,と
不燃ごみ・有害ごみ(危険物),道具箱（木製以外）,,と
不燃ごみ・有害ごみ(危険物),灯油缶（一斗缶）,不燃ごみ指定袋（２０?）をそれぞれひとつの品目に対して１枚ずつ縛りつけるか、テープなどで貼りつけて排出してください。,と
不燃ごみ・有害ごみ(危険物),灯油ポリタンク（20?以下）,不燃ごみ指定袋（２０?）をそれぞれひとつの品目に対して１枚ずつ縛りつけるか、テープなどで貼りつけて排出してください。,と
可燃ごみ,灯油ポンプ（手動式）,,と
不燃ごみ・有害ごみ(危険物),灯油ポンプ（電動式）,,と
不燃ごみ・有害ごみ(危険物),トースター,不燃ごみの指定袋に入る大きさでなければ「粗大ごみ」,と
不燃ごみ・有害ごみ(危険物),時計,不燃ごみの指定袋に入る大きさでなければ「粗大ごみ」,と
不燃ごみ・有害ごみ(危険物),とっくり,,と
不燃ごみ・有害ごみ(危険物),土鍋,,と
不燃ごみ・有害ごみ(危険物),ドライバー（工具）,,と
可燃ごみ,ドライフラワー,,と
不燃ごみ・有害ごみ(危険物),ドライヤー,,と
可燃ごみ,トランプ,,と
不燃ごみ・有害ごみ(危険物),鳥かご,不燃ごみの指定袋に入る大きさでなければ「粗大ごみ」,と
不燃ごみ・有害ごみ(危険物),ドリッパー（コーヒー用）,,と
不燃ごみ・有害ごみ(危険物),塗料缶・びん,,と
不燃ごみ・有害ごみ(危険物),塗料スプレー空き缶,,と
不燃ごみ・有害ごみ(危険物),塗料容器（プラスチック製）,,と
不燃ごみ・有害ごみ(危険物),ドリル（電動・手動）・ドリルの刃,,と
可燃ごみ,トレー（木製）,,と
不燃ごみ・有害ごみ(危険物),トレー（木製以外）,,と
古紙・布類,トレーナー,,と
びん・缶・ペットボトル,ドレッシングの容器（ガラス製）,水ですすぐ,と
可燃ごみ,ドレッシングの容器（プラスチック製）,,と
不燃ごみ・有害ごみ(危険物),トロフィー,不燃ごみの指定袋に入る大きさでなければ「粗大ごみ」,と
不燃ごみ・有害ごみ(危険物),とんかち（金づち）,,と
不燃ごみ・有害ごみ(危険物),どんぶり（陶器製）,,と
不燃ごみ・有害ごみ(危険物),ナイフ,紙で包み｢危険｣と書いて不燃ごみ指定袋へ(指定袋に入る場合),な
可燃ごみ,苗木のポット（柔らかいプラスチック製）,,な
可燃ごみ,長靴,,な
不燃ごみ・有害ごみ(危険物),鉈（なた）,不燃ごみの指定袋に入る大きさでなければ「粗大ごみ」,な
古紙・布類,夏がけ（タオルケット）,,な
可燃ごみ,納豆の包装フィルム,,な
可燃ごみ,納豆の容器,,な
不燃ごみ・有害ごみ(危険物),鍋,,な
可燃ごみ,生ごみ・台所ごみ（調理くず）,,な
不燃ごみ・有害ごみ(危険物),生ごみ処理機,不燃ごみの指定袋に入る大きさでなければ「粗大ごみ」,な
不燃ごみ・有害ごみ(危険物),波板（プラスチック製）,不燃ごみの指定袋に入る大きさでなければ「粗大ごみ」,な
不燃ごみ・有害ごみ(危険物),日曜大工用具,不燃ごみの指定袋に入る大きさでなければ「粗大ごみ」,に
可燃ごみ,入浴剤の袋（プラスチック製）,,に
可燃ごみ,入浴剤の容器,,に
不燃ごみ・有害ごみ(危険物),人形ケース（ガラス製）,できるだけ分解し、ガラス部分は紙で包み｢危険｣と書いて不燃ごみ指定袋へ(指定袋に入る場合)。枠部分は木製なら「可燃ごみ」、プラスチック製なら「不燃ごみ」へ。,に
可燃ごみ,ぬいぐるみ,,ぬ
不燃ごみ・有害ごみ(危険物),縫い針,紙で包み｢危険｣と書くか、専用のケースに入れて不燃ごみ指定袋へ,ぬ
可燃ごみ,ぬか（米糠）,,ぬ
可燃ごみ,布くず,,ぬ
可燃ごみ,ネガフィルム,,ね
可燃ごみ,ネクタイ,,ね
不燃ごみ・有害ごみ(危険物),ネクタイピン,,ね
可燃ごみ,猫のトイレシート・砂,,ね
不燃ごみ・有害ごみ(危険物),ねじ,,ね
可燃ごみ,熱さまし用シート,,ね
可燃ごみ,ネット（玉ねぎ・ミカン、水きり用など）,,ね
可燃ごみ,寝袋（シュラフ）,,ね
可燃ごみ,粘着カーペットクリーナー(シート紙),,ね
可燃ごみ,粘土,,ね
可燃ごみ,農園芸用ビニール類,,の
古紙・布類,ノート,,の
不燃ごみ・有害ごみ(危険物),のこぎり,紙で包み｢危険｣と書いて不燃ごみ指定袋へ(指定袋に入る場合),の
不燃ごみ・有害ごみ(危険物),ノミ（日曜大工道具）,紙で包み｢危険｣と書いて不燃ごみ指定袋へ,の
不燃ごみ・有害ごみ(危険物),飲み薬の容器（プラ製）,,の
可燃ごみ,のりの個包装（プラスチック製・紙製）,,の
びん・缶・ペットボトル,のりの佃煮の空きびん（ガラス製）,水ですすぐ,の
びん・缶・ペットボトル,のりの佃煮の空きびんのフタ(金属製),,の
びん・缶・ペットボトル,のりの容器（缶）,,の
可燃ごみ,葉（落ち葉）,,は
不燃ごみ・有害ごみ(危険物),バーベル（バー・おもり）,,は
不燃ごみ・有害ごみ(危険物),ハーモニカ,,は
可燃ごみ,灰,,は
不燃ごみ・有害ごみ(危険物),灰皿,,は
可燃ごみ,排尿バッグ,,は
可燃ごみ,廃油処理パック,,は
可燃ごみ,バインダー,,は
可燃ごみ,ハエたたき,,は
古紙・布類,はがき（再生紙などの普通紙）,個人情報のあるものは「可燃ごみ」へ,は
可燃ごみ,はがき（和紙）,,は
可燃ごみ,はがき（郵便受けに投函される、はがして読むもの・圧着ハガキ）,,は
不燃ごみ・有害ごみ(危険物),はかり（ヘルスメーター）,,は
不燃ごみ・有害ごみ(危険物),はかり（台所用）,,は
可燃ごみ,はきもの類,,は
可燃ごみ,剥製,可燃ごみの指定袋に入る大きさでなければ「粗大ごみ」,は
不燃ごみ・有害ごみ(危険物),白熱等(電球),,は
可燃ごみ,ハケ,,は
不燃ごみ・有害ごみ(危険物),バケツ,,は
不燃ごみ・有害ごみ(危険物),はさみ,,は
可燃ごみ,箸（はし）,,は
可燃ごみ,はし袋（紙製以外）,,は
古紙・布類,はし袋（紙製で汚れていないもの）,汚れたものは「可燃ごみ」へ,は
可燃ごみ,バスケットボール,なるべく空気を抜いてから「可燃ごみ」へ,は
不燃ごみ・有害ごみ(危険物),バスポンプ（本体）,,は
可燃ごみ,バスポンプのホース,,は
可燃ごみ,バスマット,,は
不燃ごみ・有害ごみ(危険物),パソコンキーボード・マウス,本体等をメーカーへリサイクルに出す場合は購入時の標準添付品(マウス、キーボード、スピーカー、ケーブルなど)も一緒に出せます。,は
不燃ごみ・有害ごみ(危険物),パソコンプリンター,不燃ごみの指定袋に入る大きさでなければ「粗大ごみ」,は
不燃ごみ・有害ごみ(危険物),パソコン周辺機器,,は
可燃ごみ,バター・マーガリンの容器フタ（プラスチック製）,,は
古紙・布類,バターの外箱(紙製),,は
可燃ごみ,ハタキ,,は
可燃ごみ,バッグ,,は
不燃ごみ・有害ごみ(危険物),バット（料理用）,,は
可燃ごみ,発泡スチロール（緩衝材など）,,は
可燃ごみ,発泡スチロール製容器,,は
可燃ごみ,バドミントンシャトル,,は
可燃ごみ,バトミントンラケット（木製）,,は
不燃ごみ・有害ごみ(危険物),バトミントンラケット（木製以外）,不燃ごみの指定袋に入る大きさでなければ「粗大ごみ」,は
可燃ごみ,花,,は
可燃ごみ,花がら(草),,は
可燃ごみ,花の包装フィルム（プラスチック製）,,は
可燃ごみ,花火の外包装（プラスチック製）,,は
古紙・布類,花火の中台紙,,は
不燃ごみ・有害ごみ(危険物),パネルヒーター,不燃ごみの指定袋に入る大きさでなければ「粗大ごみ」,は
可燃ごみ,パフ(化粧用),,は
不燃ごみ・有害ごみ(危険物),歯ブラシ,,は
不燃ごみ・有害ごみ(危険物),ハブラシ(電動),,は
可燃ごみ,ハブラシの包装パック,,は
可燃ごみ,歯磨き粉のチューブ容器,,は
不燃ごみ・有害ごみ(危険物),刃物類,紙で包み｢危険｣と書いて不燃ごみ指定袋へ(指定袋に入る場合),は
不燃ごみ・有害ごみ(危険物),パラボラアンテナ,不燃ごみの指定袋に入る大きさでなければ「粗大ごみ」,は
可燃ごみ,バラン（寿司・弁当などの中仕切り）,,は
不燃ごみ・有害ごみ(危険物),針（裁縫用など）,紙で包み｢危険｣と書くか、専用のケースに入れて不燃ごみ指定袋へ,は
不燃ごみ・有害ごみ(危険物),針金,,は
不燃ごみ・有害ごみ(危険物),針金ハンガー,,は
不燃ごみ・有害ごみ(危険物),バリカン,,は
可燃ごみ,バレーボール,なるべく空気を抜いてから「可燃ごみ」へ,は
不燃ごみ・有害ごみ(危険物),ハンガー（木製以外）,,は
可燃ごみ,ハンガー（木製）,,は
可燃ごみ,ハンガーの外袋,,は
可燃ごみ,ハンカチ,,は
不燃ごみ・有害ごみ(危険物),飯ごう,,は
可燃ごみ,半紙,,は
不燃ごみ・有害ごみ(危険物),はんだ・はんだごて,,は
不燃ごみ・有害ごみ(危険物),パンチ（穴あけ）,,は
不燃ごみ・有害ごみ(危険物),ハンディミシン,,は
可燃ごみ,はんてん,,は
不燃ごみ・有害ごみ(危険物),ハンドドライヤー,,は
可燃ごみ,ハンドバッグ,,は
不燃ごみ・有害ごみ(危険物),ハンドミキサー,,は
不燃ごみ・有害ごみ(危険物),ハンドル（自動車部品）,不燃ごみの指定袋に入る大きさでなければ「粗大ごみ」,は
古紙・布類,パンフレット,,は
可燃ごみ,ハンマー（木製）,,は
不燃ごみ・有害ごみ(危険物),ハンマー（金属製）,,は
不燃ごみ・有害ごみ(危険物),パン焼き機,不燃ごみの指定袋に入る大きさでなければ「粗大ごみ」,は
不燃ごみ・有害ごみ(危険物),BSチューナー,不燃ごみの指定袋に入る大きさでなければ「粗大ごみ」,ひ
不燃ごみ・有害ごみ(危険物),ピアニカ,,ひ
可燃ごみ,ビーチサンダル,,ひ
不燃ごみ・有害ごみ(危険物),ピーラー（皮むき器）,,ひ
びん・缶・ペットボトル,ビールびん,水ですすぐ,ひ
びん・缶・ペットボトル,ビールびんのフタ,,ひ
びん・缶・ペットボトル,ビール缶,水ですすぐ,ひ
可燃ごみ,ピクニックシート(レジャーシート),,ひ
不燃ごみ・有害ごみ(危険物),ひげそり（刃を含む）,,ひ
可燃ごみ,ピザの箱,,ひ
不燃ごみ・有害ごみ(危険物),ビデオカメラ,各区役所等での使用済み小型家電の拠点回収にご協力ください。,ひ
可燃ごみ,ビデオテープ,,ひ
可燃ごみ,ビデオテープのケース,,ひ
可燃ごみ,ひな人形・ひな人形の小道具,,ひ
可燃ごみ,ビニールクロス,,ひ
可燃ごみ,ビニールシート,,ひ
可燃ごみ,ビニールテープ,,ひ
可燃ごみ,ビニールひも,,ひ
可燃ごみ,ビニールプール,,ひ
可燃ごみ,ビニールホース,,ひ
可燃ごみ,ビニール手袋,,ひ
可燃ごみ,ビニール袋,,ひ
不燃ごみ・有害ごみ(危険物),火バサミ,,ひ
古紙・布類,百科事典,布張りやビニールコーティングされた表紙は取り外せれば取り外す。,ひ
古紙・布類,百科事典の紙箱（ケース）,事典とは別にし、たたんでひもで十文字にしばる。,ひ
可燃ごみ,肥料袋,,ひ
びん・缶・ペットボトル,びん（飲食用）（ガラス製）,水ですすぐ,ひ
不燃ごみ・有害ごみ(危険物),びん（ガラス製以外）,,ひ
びん・缶・ペットボトル,びん（飲食用）のフタ（金属製）,,ひ
可燃ごみ,びんのフタ（プラスチック製）,,ひ
可燃ごみ,ピンポン（卓球）ラケット,,ひ
可燃ごみ,ピンポン（卓球）玉,,ひ
可燃ごみ,ファイル（プラスチック製）,,ふ
古紙・布類,ファイル（紙製）（コーティングのないもの）,端をちぎった時にフィルム状のものが見えたら、コーティングがあるものです。コーティングのあるものは「可燃ごみ」へ。,ふ
不燃ごみ・有害ごみ(危険物),ファクシミリ（電話機一体型含む）,,ふ
可燃ごみ,ファクシミリ受信紙（感熱紙）,コインや爪などで強くこすると色が浮き出るものは感熱紙です。,ふ
古紙・布類,ファクシミリ受信紙（感熱紙以外の普通紙・OA紙・コピー用紙）,,ふ
可燃ごみ,フィルム（写真用）,,ふ
可燃ごみ,フィルムケース,,ふ
不燃ごみ・有害ごみ(危険物),ブースターケーブル（自動車用品）,,ふ
可燃ごみ,風船,,ふ
古紙・布類,封筒,,ふ
不燃ごみ・有害ごみ(危険物),フードプロセッサー,,ふ
可燃ごみ,プール(家庭用),可燃ごみの指定袋に入る大きさでなければ「粗大ごみ」,ふ
不燃ごみ・有害ごみ(危険物),笛（プラ製）,,ふ
不燃ごみ・有害ごみ(危険物),フォーク,,ふ
可燃ごみ,ふきん,,ふ
古紙・布類,袋（紙袋）,持ち手部分が紙以外の素材は取り除く。端をちぎった時にフィルム状のものが見えたら、コーティングがあるものです。コーティングのあるものは「可燃ごみ」へ。,ふ
可燃ごみ,袋（レジ袋）,,ふ
可燃ごみ,付箋・ふせん（粘着メモ）,粘着部分をちぎるなど取り除けば「古紙（雑がみ）」として出せます。,ふ
びん・缶・ペットボトル,フタ（飲食用）（金属製）,,ふ
不燃ごみ・有害ごみ(危険物),フタ（飲食用以外）（金属製）,,ふ
可燃ごみ,フタ（飲食用以外）（金属製以外）,,ふ
不燃ごみ・有害ごみ(危険物),仏具（金属製）,,ふ
可燃ごみ,仏具（木製）,,ふ
不燃ごみ・有害ごみ(危険物),ブックエンド（プラスチック製・金属製）,,ふ
可燃ごみ,ブックエンド（木製）,,ふ
可燃ごみ,ブックカバー（コーティングのある紙製、革製などその他）,,ふ
古紙・布類,ブックカバー（コーティングのない紙製）,端をちぎった時にフィルム状のものが見えたら、コーティングがあるものです。コーティングのあるものは「可燃ごみ」へ。,ふ
可燃ごみ,筆（柄の部分が木製）,,ふ
不燃ごみ・有害ごみ(危険物),筆（柄の部分が木製以外）,,ふ
不燃ごみ・有害ごみ(危険物),筆箱（金属製・硬いプラスチック製）,,ふ
可燃ごみ,筆箱（布製・革製・柔らかいプラスチック製）,,ふ
可燃ごみ,布団カバー・布団パッド,,ふ
不燃ごみ・有害ごみ(危険物),布団乾燥機,不燃ごみの指定袋に入る大きさでなければ「粗大ごみ」,ふ
可燃ごみ,布団たたき（木製）,,ふ
不燃ごみ・有害ごみ(危険物),布団たたき（木製以外）,,ふ
可燃ごみ,踏み台（木製）,可燃ごみの指定袋に入る大きさでなければ「粗大ごみ」,ふ
不燃ごみ・有害ごみ(危険物),踏み台（木製以外）,不燃ごみの指定袋に入る大きさでなければ「粗大ごみ」,ふ
不燃ごみ・有害ごみ(危険物),フライパン,,ふ
不燃ごみ・有害ごみ(危険物),フライ返し,,ふ
不燃ごみ・有害ごみ(危険物),プラグ,,ふ
可燃ごみ,プラスチック製の包装・フィルム,,ふ
可燃ごみ,プラスチック製気泡緩衝材,,ふ
不燃ごみ・有害ごみ(危険物),プラスチック製収納箱,不燃ごみの指定袋に入る大きさでなければ「粗大ごみ」,ふ
不燃ごみ・有害ごみ(危険物),プラスチック製密閉容器・フタ（硬いプラスチック製）,,ふ
可燃ごみ,プラスチック製密閉容器・フタ柔らかいプラスチック製）,,ふ
可燃ごみ,フラットファイル（プラスチック製）,,ふ
古紙・布類,フラットファイル（紙製）,金属部分は取り外して不燃ごみへ,ふ
不燃ごみ・有害ごみ(危険物),プラモデル,,ふ
古紙・布類,プラモデルの外箱(紙製),,ふ
可燃ごみ,プラモデルの箱の中仕切り(プラスチック製),,ふ
不燃ごみ・有害ごみ(危険物),プラモデル部品の型枠,,ふ
可燃ごみ,フラワースタンド・プランタースタンド（木製）,可燃ごみの指定袋に入る大きさでなければ「粗大ごみ」,ふ
不燃ごみ・有害ごみ(危険物),フラワースタンド・プランタースタンド（金属製、プラスチック製）,不燃ごみの指定袋に入る大きさでなければ「粗大ごみ」,ふ
不燃ごみ・有害ごみ(危険物),プランター,不燃ごみの指定袋に入る大きさでなければ「粗大ごみ」,ふ
不燃ごみ・有害ごみ(危険物),プリンター,不燃ごみの指定袋に入る大きさでなければ「粗大ごみ」,ふ
可燃ごみ,ブルーシート,,ふ
古紙・布類,古着,,ふ
可燃ごみ,古本（日焼けにより変色したもの）,,ふ
古紙・布類,古本（日焼けにより変色したものを除く）,,ふ
不燃ごみ・有害ごみ(危険物),風呂いす・おけ（洗面器）（プラスチック製）,不燃ごみ指定袋（２０?）をそれぞれひとつの品目に対して１枚ずつ縛りつけるか、テープなどで貼りつけて排出してください。,ふ
可燃ごみ,風呂いす・おけ（木製）,,ふ
不燃ごみ・有害ごみ(危険物),プロジェクタ,不燃ごみの指定袋に入る大きさでなければ「粗大ごみ」,ふ
可燃ごみ,風呂敷（布製）,,ふ
可燃ごみ,風呂敷（ビニール製）,,ふ
不燃ごみ・有害ごみ(危険物),フロッピーディスク（プラスチック製ケース含む）,,ふ
古紙・布類,フロッピーディスクの紙製ケース,,ふ
可燃ごみ,風呂のマット,,ふ
可燃ごみ,ふん(ペットのふん),,ふ
古紙・布類,文庫本,,ふ
不燃ごみ・有害ごみ(危険物),文鎮（ぶんちん）,,ふ
不燃ごみ・有害ごみ(危険物),文房具（金属製・硬いプラスチック製）,,ふ
可燃ごみ,文房具（金属製・硬いプラスチック製以外）,,ふ
不燃ごみ・有害ごみ(危険物),ヘアアイロン（コテ）,各区役所等での使用済み小型家電の拠点回収にご協力ください。,へ
不燃ごみ・有害ごみ(危険物),ヘアースプレー(スプレー缶),中身は使い切ってください。,へ
可燃ごみ,ヘアースプレーのフタ,,へ
可燃ごみ,ヘアースプレーの包装フィルム,,へ
不燃ごみ・有害ごみ(危険物),ヘアドライヤー,各区役所等での使用済み小型家電の拠点回収にご協力ください。,へ
不燃ごみ・有害ごみ(危険物),ヘアーブラシ,,へ
不燃ごみ・有害ごみ(危険物),ヘアバンド（プラスチック製など硬いもの）,,へ
可燃ごみ,ヘアバンド（布製など柔らかいもの）,,へ
不燃ごみ・有害ごみ(危険物),ヘアピン,,へ
可燃ごみ,ペットシート,,へ
可燃ごみ,ペットのトイレ用シート・砂,,へ
可燃ごみ,ペットの糞,,へ
可燃ごみ,ベッドパッド・布団パッド,,へ
びん・缶・ペットボトル,ペットフードの缶,水ですすぐ,へ
びん・缶・ペットボトル,ペットボトル（清涼飲料・乳飲料・酒類・しょうゆ類・めんつゆ・ノンオイルドレッシングなど油分が付着していないボトル）,,へ
可燃ごみ,ペットボトルのラベル,（ペットボトル本体（資源物）からはがさずそのまま出せます。）,へ
不燃ごみ・有害ごみ(危険物),ヘッドホン・イヤホン,各区役所等での使用済み小型家電の拠点回収にご協力ください。,へ
可燃ごみ,ベニヤ板,可燃ごみの指定袋に入る大きさでなければ「粗大ごみ」,へ
可燃ごみ,ベビー布団,,へ
古紙・布類,ベビー服,,へ
不燃ごみ・有害ごみ(危険物),へら（金属製・硬いプラスチック製）,,へ
可燃ごみ,へら（木製）,,へ
不燃ごみ・有害ごみ(危険物),ヘルスメーター（体重計）,不燃ごみの指定袋に入る大きさでなければ「粗大ごみ」,へ
可燃ごみ,ベルト,,へ
不燃ごみ・有害ごみ(危険物),ペンキのスプレー缶,中身は使い切ってください。,へ
不燃ごみ・有害ごみ(危険物),ペンキのびん（ガラス製）,,へ
可燃ごみ,ペンキのびんのフタ（金属製・プラスチック製）,,へ
不燃ごみ・有害ごみ(危険物),ペンキの容器（金属製・プラスチック製）,,へ
可燃ごみ,便座カバー,,へ
不燃ごみ・有害ごみ(危険物),弁当（持ち帰り用など）のスプーン・フォーク（プラスチック製）,,へ
可燃ごみ,弁当（持ち帰り用など）のスプーン・フォーク・はし・爪楊枝の袋（プラスチック製）,,へ
可燃ごみ,弁当の中仕切,,へ
不燃ごみ・有害ごみ(危険物),弁当箱（金属製・硬いプラスチック製）,,へ
可燃ごみ,弁当箱（竹製などの燃えるもの）,,へ
可燃ごみ,弁当容器(コンビニ等)の外包装フィルム,,へ
可燃ごみ,弁当容器（コンビニ等の弁当容器）,,へ
可燃ごみ,ボアシーツ,,ほ
不燃ごみ・有害ごみ(危険物),ホイールキャップ（自動車部品）,不燃ごみの指定袋に入る大きさでなければ「粗大ごみ」,ほ
不燃ごみ・有害ごみ(危険物),ボイスレコーダー,,ほ
不燃ごみ・有害ごみ(危険物),望遠鏡,,ほ
不燃ごみ・有害ごみ(危険物),ほうき（柄がプラスチック製）,不燃ごみの指定袋に入る大きさでなければ「粗大ごみ」,ほ
可燃ごみ,ほうき（柄が木製）,可燃ごみの指定袋に入る大きさでなければ「粗大ごみ」,ほ
可燃ごみ,芳香剤,,ほ
不燃ごみ・有害ごみ(危険物),芳香剤容器（プラスチック製）,,ほ
可燃ごみ,帽子,,ほ
古紙・布類,包装紙（紙製）,,ほ
可燃ごみ,包装紙（プラスチック製）,,ほ
可燃ごみ,包装フィルム,,ほ
可燃ごみ,防虫剤,,ほ
不燃ごみ・有害ごみ(危険物),防虫剤のケース,,ほ
不燃ごみ・有害ごみ(危険物),包丁,紙で包み｢危険｣と書いて不燃ごみ指定袋へ(指定袋に入る場合),ほ
可燃ごみ,防腐剤,,ほ
不燃ごみ・有害ごみ(危険物),ボウリングのピン,,ほ
不燃ごみ・有害ごみ(危険物),ボウル（台所用品）,,ほ
不燃ごみ・有害ごみ(危険物),ほうろう鍋,,ほ
可燃ごみ,ホース,,ほ
不燃ごみ・有害ごみ(危険物),ホースリール台,不燃ごみの指定袋に入る大きさでなければ「粗大ごみ」,ほ
不燃ごみ・有害ごみ(危険物),ポータブルプレイヤー（MD，CD）,,ほ
可燃ごみ,ボート(ゴムボート),可燃ごみの指定袋に入る大きさでなければ「粗大ごみ」,ほ
可燃ごみ,ボール（球技用）,空気を抜けるものはできるだけ抜いてから「可燃ごみ」へ,ほ
不燃ごみ・有害ごみ(危険物),ボールペン,,ほ
可燃ごみ,ボールペンの芯,,ほ
古紙・布類,ボール紙,,ほ
不燃ごみ・有害ごみ(危険物),ホーロー製品,,ほ
可燃ごみ,保温材・保冷剤,,ほ
可燃ごみ,墨汁容器,,ほ
可燃ごみ,木刀,可燃ごみの指定袋に入る大きさでなければ「粗大ごみ」,ほ
可燃ごみ,ポケットティッシュ,,ほ
古紙・布類,ポケットティッシュの台紙,,ほ
可燃ごみ,ポケットティッシュの外袋フィルム,,ほ
古紙・布類,ポスター,,ほ
可燃ごみ,ポスター（屋外用など防水加工されているもの）,,ほ
不燃ごみ・有害ごみ(危険物),ポスト,,ほ
可燃ごみ,ボストンバッグ,,ほ
不燃ごみ・有害ごみ(危険物),ボタン,,ほ
不燃ごみ・有害ごみ(危険物),ホチキス(ステープラー),,ほ
不燃ごみ・有害ごみ(危険物),ホチキス(ステープラー)の針,,ほ
古紙・布類,ホチキス(ステープラー)の針の空き箱,,ほ
不燃ごみ・有害ごみ(危険物),補聴器,各区役所等での使用済み小型家電の拠点回収にご協力ください。,ほ
可燃ごみ,ボックスシーツ・ベッドパッド,,ほ
不燃ごみ・有害ごみ(危険物),ポット,,ほ
可燃ごみ,ホットカーペット,電源プラグなど硬いプラスチック部分は取り外して不燃ごみへ。（取り外せなければそのまま「可燃ごみ」か「粗大ごみ」へ）,ほ
可燃ごみ,ホットカーペット・ウッドカーペット,可燃ごみの指定袋に入る大きさでなければ「粗大ごみ」,ほ
不燃ごみ・有害ごみ(危険物),ホットカーラー,,ほ
可燃ごみ,ボディブラシ,,ほ
可燃ごみ,ポテトチップスの袋,,ほ
可燃ごみ,ポテトチップス等の紙缶,,ほ
不燃ごみ・有害ごみ(危険物),ポラロイドカメラ,,ほ
可燃ごみ,ポラロイドフィルム,,ほ
可燃ごみ,ポラロイド写真,,ほ
不燃ごみ・有害ごみ(危険物),ポリタンク（２０リットル以下）,不燃ごみ指定袋（２０?）をそれぞれひとつの品目に対して１枚ずつ縛りつけるか、テープなどで貼りつけて排出してください。,ほ
不燃ごみ・有害ごみ(危険物),ポリバケツ,,ほ
可燃ごみ,ポリ袋,,ほ
不燃ごみ・有害ごみ(危険物),ボルト・ナット,,ほ
古紙・布類,本,,ほ
可燃ごみ,盆（木製）,,ほ
不燃ごみ・有害ごみ(危険物),盆（木製以外）,,ほ
可燃ごみ,本立て（木製）,,ほ
不燃ごみ・有害ごみ(危険物),本立て（木製以外）,,ほ
可燃ごみ,ポンプ（手動）（ポリタンク用）,,ほ
可燃ごみ,ポンプ（風呂の残り湯を洗濯水として使ったりする時のもの）のホース,,ほ
不燃ごみ・有害ごみ(危険物),ポンプ（風呂の残り湯を洗濯水として使ったりする時のもの）本体,,ほ
不燃ごみ・有害ごみ(危険物),ほ乳瓶,,ほ
不燃ごみ・有害ごみ(危険物),マーカーペン,,ま
古紙・布類,マーガリンの外箱（紙製）,,ま
可燃ごみ,マーガリンの容器,,ま
可燃ごみ,麻雀マット,,ま
不燃ごみ・有害ごみ(危険物),マイク,,ま
不燃ごみ・有害ごみ(危険物),マウス（パソコン用）,パソコン本体等をメーカーへリサイクルに出す場合は購入時の標準添付品(マウス、キーボード、スピーカー、ケーブルなど)も一緒に出せます。,ま
可燃ごみ,マウスパッド,,ま
不燃ごみ・有害ごみ(危険物),巻尺,,ま
不燃ごみ・有害ごみ(危険物),マグネット（硬いもの）,,ま
可燃ごみ,マグネット（柔らかいもの）,,ま
不燃ごみ・有害ごみ(危険物),マスカラ,,ま
可燃ごみ,マスク,,ま
古紙・布類,マタニティウェア,,ま
不燃ごみ・有害ごみ(危険物),マッサージ器,不燃ごみの指定袋に入る大きさでなければ「粗大ごみ」,ま
可燃ごみ,マッチ（使用済）,,ま
可燃ごみ,マッチの箱,,ま
可燃ごみ,マット類,可燃ごみの指定袋に入る大きさでなければ「粗大ごみ」,ま
不燃ごみ・有害ごみ(危険物),窓ガラス,紙で包み｢危険｣と書いて不燃ごみ指定袋へ(指定袋に入る場合),ま
古紙・布類,窓付き封筒（窓のフィルムは切り取る）,窓はそのままリサイクル可能と表記があればそのままで可,ま
可燃ごみ,窓付き封筒の窓（フィルム）,,ま
不燃ごみ・有害ごみ(危険物),まな板（その他）,,ま
可燃ごみ,まな板（木製、柔らかいプラスチック製）,,ま
不燃ごみ・有害ごみ(危険物),マニキュアのびん,,ま
可燃ごみ,マフラー(衣類),,ま
不燃ごみ・有害ごみ(危険物),魔法瓶（ジャー、ポット）,,ま
不燃ごみ・有害ごみ(危険物),豆電球,,ま
可燃ごみ,マヨネーズのチューブ（フタを含む）,,ま
可燃ごみ,マヨネーズの外袋,,ま
可燃ごみ,マラカス（木製）,,ま
不燃ごみ・有害ごみ(危険物),マラカス（木製以外）,,ま
不燃ごみ・有害ごみ(危険物),万年筆,,ま
不燃ごみ・有害ごみ(危険物),万歩計,,ま
不燃ごみ・有害ごみ(危険物),ミキサー,,み
不燃ごみ・有害ごみ(危険物),ミシン,不燃ごみの指定袋に入る大きさでなければ「粗大ごみ」,み
可燃ごみ,水着,,み
不燃ごみ・有害ごみ(危険物),水切りかご（硬いプラスチック製・金属製）,,み
可燃ごみ,水切りかご（その他）,,み
可燃ごみ,水切りネット,,み
不燃ごみ・有害ごみ(危険物),ミスト（霧吹き）の容器（金属製）,,み
可燃ごみ,ミスト（霧吹き）の容器（金属製以外）,,み
可燃ごみ,水枕,,み
不燃ごみ・有害ごみ(危険物),水枕の留め具（金属製）,,み
可燃ごみ,みその袋（プラスチック製）,,み
可燃ごみ,みその容器,,み
不燃ごみ・有害ごみ(危険物),ミニカー,,み
不燃ごみ・有害ごみ(危険物),ミニコンポ,不燃ごみの指定袋に入る大きさでなければ「粗大ごみ」,み
不燃ごみ・有害ごみ(危険物),ミニディスク(MD)レコーダー,不燃ごみの指定袋に入る大きさでなければ「粗大ごみ」,み
びん・缶・ペットボトル,みりんの容器（ガラス製）,水ですすぐ,み
びん・缶・ペットボトル,みりんの容器（ペットボトル製）,水ですすぐ,み
不燃ごみ・有害ごみ(危険物),ミル,,み
びん・缶・ペットボトル,ミルクの缶,水ですすぐ,み
可燃ごみ,麦わら帽子,,む
不燃ごみ・有害ごみ(危険物),虫かご,,む
不燃ごみ・有害ごみ(危険物),蒸し器（金属製）,,む
可燃ごみ,蒸し器（シリコン製）,,む
不燃ごみ・有害ごみ(危険物),虫ピン,,む
不燃ごみ・有害ごみ(危険物),虫めがね,,む
可燃ごみ,むしろ,,む
不燃ごみ・有害ごみ(危険物),無線機,,む
可燃ごみ,名刺,,め
不燃ごみ・有害ごみ(危険物),名刺入れ(金属製、硬いプラスチック製),,め
可燃ごみ,名刺入れ（皮革製、布製),,め
古紙・布類,名刺の外箱（紙製）,,め
不燃ごみ・有害ごみ(危険物),名刺の外箱（プラスチック製）,,め
不燃ごみ・有害ごみ(危険物),めがね（眼鏡）,,め
不燃ごみ・有害ごみ(危険物),眼鏡ケース,,め
可燃ごみ,目薬の携帯ケース,,め
古紙・布類,目薬の外箱（紙製）,,め
可燃ごみ,目薬の容器,,め
不燃ごみ・有害ごみ(危険物),目覚まし時計,,め
不燃ごみ・有害ごみ(危険物),メジャー,,め
古紙・布類,メモ用紙,,め
可燃ごみ,綿,,め
可燃ごみ,麺棒（製麺用）（木製）,可燃ごみの指定袋に入る大きさでなければ「粗大ごみ」,め
不燃ごみ・有害ごみ(危険物),麺棒（製麺用）（木製以外）,不燃ごみの指定袋に入る大きさでなければ「粗大ごみ」,め
可燃ごみ,綿棒（衛生用品）,,め
可燃ごみ,綿棒（衛生用品）の容器,,め
古紙・布類,毛布,,も
不燃ごみ・有害ごみ(危険物),モーター類（おもちゃ用）,,も
可燃ごみ,木炭,,も
不燃ごみ・有害ごみ(危険物),ものさし（プラスチック製）,不燃ごみの指定袋に入る大きさでなければ「粗大ごみ」,も
可燃ごみ,ものさし（木製・竹製）,,も
不燃ごみ・有害ごみ(危険物),やかん,,や
可燃ごみ,焼き鳥の串,,や
可燃ごみ,野球ボール,,や
可燃ごみ,薬品（家庭医薬品）,,や
不燃ごみ・有害ごみ(危険物),薬品（家庭医薬品）の容器,,や
可燃ごみ,野菜などの網・トレイ・ネット・袋,,や
可燃ごみ,ヤスリ,,や
古紙・布類,浴衣,※帯などの小物類は「可燃ごみ」へ,ゆ
不燃ごみ・有害ごみ(危険物),湯たんぽ（金属製・硬いプラスチック製）,,ゆ
可燃ごみ,湯たんぽ（シリコン製・ゴム製）,,ゆ
不燃ごみ・有害ごみ(危険物),湯のみ茶碗,,ゆ
古紙・布類,洋服,,よ
可燃ごみ,洋服ブラシ（木製）,,よ
不燃ごみ・有害ごみ(危険物),洋服ブラシ（木製以外）,,よ
可燃ごみ,ヨーグルトのフタ,,よ
古紙・布類,ヨーグルトの台紙,,よ
可燃ごみ,ヨーグルトの容器（紙製・プラスチック製）,,よ
可燃ごみ,ヨーグルトの容器の外フィルム,,よ
可燃ごみ,よしず,可燃ごみの指定袋に入る大きさでなければ「粗大ごみ」,よ
可燃ごみ,ラーメンの袋・スープの袋,,ら
不燃ごみ・有害ごみ(危険物),ライター（ガスライター）,使い切ってから出して下さい。,ら
不燃ごみ・有害ごみ(危険物),ライター（オイルライター）,使い切ってから出して下さい。,ら
可燃ごみ,ラケット（木製）,,ら
不燃ごみ・有害ごみ(危険物),ラケット（木製以外）,不燃ごみの指定袋に入る大きさでなければ「粗大ごみ」,ら
不燃ごみ・有害ごみ(危険物),ラジオ,,ら
不燃ごみ・有害ごみ(危険物),ラジカセ,,ら
不燃ごみ・有害ごみ(危険物),ラジコン,,ら
可燃ごみ,ラック（木製）,可燃ごみの指定袋に入る大きさでなければ「粗大ごみ」,ら
不燃ごみ・有害ごみ(危険物),ラック（木製以外）,不燃ごみの指定袋に入る大きさでなければ「粗大ごみ」,ら
可燃ごみ,ラッピングフィルム（包装用）,,ら
可燃ごみ,ラップ,,ら
古紙・布類,ラップの外箱,,ら
可燃ごみ,ラップの芯,,ら
古紙・布類,ラップの刃(紙製),,ら
不燃ごみ・有害ごみ(危険物),ラップの刃(金属製・プラスチック製),,ら
古紙・布類,ラップの箱,,ら
可燃ごみ,ラミネートチューブ,,ら
不燃ごみ・有害ごみ(危険物),ランタン,,ら
可燃ごみ,ランドセル,,ら
不燃ごみ・有害ごみ(危険物),ランドリーボックス（金属製、硬いプラスチック製）,不燃ごみの指定袋に入る大きさでなければ「粗大ごみ」,ら
可燃ごみ,ランドリーボックス（植物等の自然素材、シリコン製など柔らかいもの）,,ら
不燃ごみ・有害ごみ(危険物),リール（釣り具）,,り
不燃ごみ・有害ごみ(危険物),リコーダー,,り
不燃ごみ・有害ごみ(危険物),リチウム電池（使い切りタイプ）,,り
不燃ごみ・有害ごみ(危険物),リップクリームの容器（硬いプラスチック製）,,り
可燃ごみ,リップクリームの容器（柔らかいプラスチック製）,,り
不燃ごみ・有害ごみ(危険物),リモコン,,り
可燃ごみ,リュックサック,,り
可燃ごみ,リンスの詰め替え用袋（プラスチック製）,,り
可燃ごみ,リンスの容器（プラスチック製）,,り
不燃ごみ・有害ごみ(危険物),ルーペ,,る
可燃ごみ,冷却枕,,れ
可燃ごみ,冷凍食品の仕切りトレイ（プラスチック製）,,れ
可燃ごみ,冷凍食品の袋,,れ
可燃ごみ,レインコート・レインウェア,,れ
可燃ごみ,レインブーツ,,れ
不燃ごみ・有害ごみ(危険物),レーザーディスク,,れ
可燃ごみ,レーザーディスクのケース（柔らかいプラスチック製）,,れ
古紙・布類,レーザーディスクのケース（紙製）,,れ
可燃ごみ,レースカーテン,,れ
不燃ごみ・有害ごみ(危険物),レコード（割れるような硬いもの）,,れ
可燃ごみ,レコード（薄いシート状などの柔らかいもの）,,れ
古紙・布類,レコードジャケット(紙製ケース),,れ
不燃ごみ・有害ごみ(危険物),レコードプレイヤー,不燃ごみの指定袋に入る大きさでなければ「粗大ごみ」,れ
可燃ごみ,レシート,,れ
可燃ごみ,レジャーシート,,れ
可燃ごみ,レジャーシートの外包装（ビニール製）,,れ
可燃ごみ,レジャーボート（ゴムボート）（浮輪状の遊戯具）,,れ
可燃ごみ,レジ袋,※レジ袋のまま可燃ごみ・不燃ごみ等を出すことはできません。,れ
古紙・布類,レトルト食品の外箱（紙製）,,れ
可燃ごみ,レトルト食品のパック,,れ
可燃ごみ,レンジフード(換気扇)のフィルター,,れ
不燃ごみ・有害ごみ(危険物),レンズ,,れ
可燃ごみ,練炭,,れ
不燃ごみ・有害ごみ(危険物),老眼鏡,,ろ
可燃ごみ,ろうそく,,ろ
可燃ごみ,ろう紙（紙コップ・紙皿など）,,ろ
不燃ごみ・有害ごみ(危険物),ロースター,不燃ごみの指定袋に入る大きさでなければ「粗大ごみ」,ろ
可燃ごみ,ロープ,,ろ
不燃ごみ・有害ごみ(危険物),ローラースケート,,ろ
不燃ごみ・有害ごみ(危険物),ローラーブレード,,ろ
可燃ごみ,ワープロインクリボン,,わ
古紙・布類,ワープロインクリボンの外箱,,わ
可燃ごみ,ワープロインクリボンの個袋（プラスチック製）,,わ
古紙・布類,Ｙシャツ,,わ
可燃ごみ,Ｙシャツの外包装,,わ
古紙・布類,Ｙシャツの中台紙,,わ
不燃ごみ・有害ごみ(危険物),ワイヤー,,わ
不燃ごみ・有害ごみ(危険物),ワイヤーロープ,,わ
びん・缶・ペットボトル,ワインのびん,水ですすぐ,わ
可燃ごみ,ワインの栓（コルク）,,わ
びん・缶・ペットボトル,ワインの栓（金属製）,,わ
不燃ごみ・有害ごみ(危険物),ワイン抜き,,わ
可燃ごみ,輪ゴム,,わ
古紙・布類,輪ゴムの外箱,,わ
可燃ごみ,わさびのチューブ（フタを含む）,,わ
古紙・布類,わさびの外箱（紙製）,,わ
可燃ごみ,ワックス,,わ
可燃ごみ,ワックス加工紙,,わ
不燃ごみ・有害ごみ(危険物),ワックス容器（缶・ボトル）,,わ
古紙・布類,和服,帯や足袋などの小物や反物は「可燃ごみ」へ,わ
可燃ごみ,わら製品,,わ
可燃ごみ,割り箸,,わ
古紙・布類,割り箸の外袋（紙製）(汚れていないもの),汚れたものは「可燃ごみ」へ,わ
可燃ごみ,割り箸の外袋（プラスチック製）,,わ
不燃ごみ・有害ごみ(危険物),割れたびん,紙で包み｢危険｣と書いて不燃ごみ指定袋へ(指定袋に入る場合),わ
びん・缶・ペットボトル,ワンカップのびん,水ですすぐ,わ
